Titulos,Conteudo
INTERNET OI FIBRA LENTA COM PAGAMENTO EM DIA,"Realmente é impossível conseguir falar com os atendentes da oi, não posso me deslocar até uma agência da oi para falar sobre, ligo"
Internet lenta e sem atendimento do suporte,"Prezados, bom dia!!!Há meses tento entrar em contato com a Oi fibra pelo 0800 e não consigo falar com atendente sobre "
Internet sem qualidade,"Estou utilizando Oi Fibra desde fev/2023 e infelizmente não tenho boas referências. O sinal da internet é instável demais, já obti"
Pratica ilegal de Traffic Shapping,"Pratica ilegal de Traffic Shapping da Oi FibraEstou com dificuldades em acessar servços OnDemand (Filmes, aplicativos de streaming"
Internet não funciona mas a cobrança vem completa,Ao contratarmos uma internet esperamos que funcione e não de interferência nesta semana estão fazendo manutençao na rede mas não v
INTERNET OI FIBRA 400GB MUITO LENTA E SEM INSTABILIDADE,INTERNET OI FIBRA 400GB MUITO LENTA E SEM INSTABILIDADE
Novamente sem internet ( Oi ),"Boa tardeontem  dia 29/10/2023 novamente por volta das nove horas da manha minha internet caiu, pois bem mais uma vez, ligue"
Internet não funciona,Estou sem internet na minha empresa que pra funcionar precisa de internet e desde ontem não está funcionando. Já tentei ligar pra 
Problemas de oscilação de rede wi-fi a mais de 5 dias e ninguém resolve,"Já liguei mais de 4 vezes para Oi, estou sofrendo com problema no roteador onde a rede fica indisponível frequentemente durante o "
Sem internet ninguém consegue ligar pra central,"Estou a 2 dias sem internet, e não consigo contato com a oi toda vêz que eu ligo mostra as opções na tele e eu coloco pra continua"
Desrespeito,Tenho 3 câmeras para monitoramento de idosos na casa e as câmeras não estão funcionando devido à falta de wifi na residência. Entr
Wifi Residencial,"Bom diaQuando contratei a oi pedi o vencimento para o dia 2,por causa de pagamento..depois o atendente veio me dizer que é d"
mudança de endereço,me mudei e estou a mais de 10 dias tentando marca uma visita técnica pra fazer a instalação em meu novo endereço e eles sempre me 
estou sem internet,estou sem internet 29/10/23
Nem uma semana de instalação!,"Boa tarde!Gostaria da ajuda de vocês quanto a Oi, que não tem uma semana que contratei uma internet deles que NÃO FUNCIONA!"
Sem internet não coloquem gente propaganda enganosa,Em pleno domingo sem internet desde as 11:00 brincadeira né ? Pedindo o cancelamento agoraa . Toda vez isso é fala q vai vir um té
Serviço péssimo,Anteriormente eu usava uma operadora mas me ligaram da oi e fizeram uma proposta boa. Resolvi aderi o servidor internet fibra para
Internet fora do ar,A internet está lenta e vive caindo
Pago Internet E NÃO FUNCIONA BEM,"O serviço não está funcionando corretamente, o Internet fica caindo o dia inteiro e não tem niguem que resolva, o atendimento pelo"
Ping Alto,"Tenho o plano Oi Fibra 1GB faz quase 1 ano. Comecei a ter problemas em relação a jogos ONLINE, onde o ping em jogos como: Counter-"
MUDANÇA DE ENDEREÇO INDEVIDA,"*******3 - Para a minha surpresa, após 8 longos dias de dores de cabeça com a operadora, agora estou há dois dias com o sinal extr"
Fui destratado,"Olá, adquiri o plano da Oi Fibra recentemente. Fiz a adesão de um plano de 400 Mb, no qual eu pagaria 119,00 reais por mes.M"
Velocidade diferente do que foi contratado.,"Desde que foi instalado aqui em casa, todo o serviço é muito ruím, Técnico Virtual não resolve nada, quando ligamos o suporte tamb"
Péssima qualidade da Internet,Só cliente oi fibra a 1 Ano. Comecei com o plano de 200MB. Aí mais ou menos uns 6 meses me ofereceram o plano de 400MB pelo mesmo 
O PIOR ATENDIMENTO,"Definitivamente, a conduta abusiva de tal operadora é passível de processo. Primeiramente, vamos falar da total impossibilid"
DEMORA PARA RESOLVER PROBLEMAS TÉCNICOS.,"Uma demora absurda pra fazer um serviço de manutenção na minha rede Wi-Fi, fiquei sem Internet no 27/10  então liguei pra manutenç"
Novamente problemas de baixa velocidade,"O problema voltou a repetir e o aplicativo, novamente, não resolveu."
ENDEREÇO ERRADO NA FATURA,"A ANOS VENHO PEDINDO PARA CORRIGIR meu endereço residencial na fatura esta tudo errado e estou sendo prejudicado por isso , atende"
INTERNET É UMA PORCARIA,A internet que pagamos de 200mega não roda um filme na TV de tão precária que é. A Oi não faz nada para arrumar. Vamos mudar de op
Problemas com intermitência da internet oi fibra,Fiz a adesão para Oi Fibra sendo que o tecnico já veio na minha casa umas 3 vezes para poderem corrigir os problemas existentes. 
Contratação de internet 1 Giga,"Resolvi mudar minha internet que eram de 500Mb para 1GB por uma promoção da Oi fibra no dia 20/10/2023, o prazo para que a nova in"
Internet oscilando,Foi feito uma compra de Oi fibra para minha residência de 500 megas e a mesma foi instalada em ponto da residência o aparelho ( mo
Internet Péssima,"Pessoal, desde que eu contratei o serviço de internet da OI eu estou completamente decepcionado, a internet sempre foi muito ruim."
CONTINUAM ENROLANDO O CLIENTE,"Desde terça dia 10/10, estamos sem internet, foram diversos chamados com a mesma resposta, o tecnico irá amanhã, no prazo de 24 hs"
"Plano de 500mega, na prática muito menos","A oi já me ofereceu duas renovações do contrato de 12 meses de fidelidade, aumentando de 200 megas (original) para 400 megas e, no"
Péssima internet Oi Fibra,"Por falta de opção e apesar de já conhecer o péssimo serviço oferecido pela OI, resolvi contratar o Oi Fibra, durante um tempo fun"
Esquecido pela operadora,Desde o dia 18/10 estou sem internet e estou fazendo solicitações para reparo. Algumas vezes o técnico não vai (mas informa ao sis
Visita técnica,"Contratei o serviço de 400 mega de internet para minha residência e a mesma não chega a 200 mega, já entrei em contato com o supor"
Não consigo cadastrar o meu CNPJ no apps,"E o seguinte não consigo entrar no meu cadastro da oi fibra, oi empresa, técnico oi, nada, não consigo fazer o cadastro nem pelo c"
Internet lenta,"Estou sendo prejudicado por esta empresa oi fibra, contratei 400mb de internet e não estou recebendo nem 10% da velocidade contrat"
Impossível receber atendimento técnico !!,"Durante todo o dia d ehoje (25/10/23) eu tive problemas com conexão lenta do meu plano de Oi Fibra, que é de 300Mb. Durante todo o"
10% da banda disponível,De mais ou menos 10 dias para cá (25/10) minha internet banda larga da Oi simplesmente estava em cerca de 10% da potência contrata
Sem sinal de Internet há 2 dias,"Instalei a Internet funcionou por 1 dia, no dia seguinte parou de funcionar e até agora sigo sem sinal. Agendei visita técnica e n"
Não entragam velocidade contratada,Estou a duas semanas reclamando sobre a velocidade da internet. Em todas as ligações fazem as verificações e dizem que o setor de 
SEM INTERNET A 36 HORAS,"Desde domingo (22/10) estou completamente sem internet na minha residência, tendo entrar em contato via ligação e não consigo fala"
Internet muito lenta desde a Mudança de 400 p/500mb,"Recebi uma ligação do setor de oferta da oi a uns 15 a 20 dias atrás e me ofereceram aumentar para  500mb, com a condição de ser r"
Péssima prestação de serviço.,"Estou a meses com a Internet da OI FIBRA. Sempre tive problemas com oscilação de sinal, Internet vira e volta cai. Tentei re"
Oi fibra não dá para confiar,"Contratei um plano de Internet com telefone fixo, mas só funcionou por uma semana. Após várias reclamações e pedidos de reparos, t"
INTERNET SEM FUNCIONAR,Quando você contrata a Oi Fibra parece que o serviço deles é  eficiente e de confiança. Baixei o aplicativo e fiz a primeira recla
PAGO 1GB  RECEBO 350MB,"A oi fibra fica caindo quase toda semana e quando volta possui uma conectividade horrível, só essa semana ja caiu cerca de 3 vezes"
Oi fibra não funciona,Tinha um plano de 500gb recebia sempre isso através dos testes que fazia pela internet. Aí recebo uma proposta para mudar o plano 
Que internet complicada viu!,"Problema com a Oi fibra desde a instalação. Baixa velocidade, vídeos pausados. Técnico, já esteve aqui e continua tudo igual. Não "
Estou sem Internet,"Toda vez que tenho problema com minha internet eu mesma tento resolver, porque não tenho paciência para ficar naquele atendimento "
Ligações indesejados,Estou a três dias sem Internet Já fiz diversas reclamações e a resposta que tenho sempre é que os técnicos já estão tratando
Internet,Estou sendo prejudicada no trabalho com tantas ligações oferecendo oi fibras. Mesmo falando que não tenho interesse recebo em médi
Oi fibra só entrega de 25% da velocidade contratada e só recebo 40% dos 25%,"Já não sei quantas vezes já tentei ligar e fiz os mesmos procedimentos que me pedem pra voltar , eu trabalho em home office e hoje"
Falta de reparo,Desde o dia em que foi instalada a Oi fibra em minha residência nunca recebi a velocidade contratada. Pelo contrato eu deveria rec
Ligações excessivas sem ter contrato OI FIBRA,Estou na casa da minha sogra de férias e estamos desde o dia 18/10 sem um atendimento técnico para verificar os fiso que foram arr
COBRANÇA INDEVIDA - NÃO ASSINO OI FIBRA,"recebo cerca de 20 ligações por dia , manhã tarde noite , eu não tenho interesse em Oi FIBRA para o meu CNPJ, já informei que é pa"
Sem internet por 4 dias e os técnicos marcam e não aparecem,"Anteriormente recebi contato da Oi Fibra, pelo WhatsApp (telefone*******), informando sobre uma suposta contratação de linha. Como"
Cobrança indevida,Contratei a Oi Fibra a pouco mais de 1 mês e estou a 4 dias sem internet. No mesmo dia que fiquei sem liguei e agendei a visita té
Fiz um pedido de transferencia de endereço abriram um novo contrato,"Ao acessar o site do Serasa vi que consta um débito de R$ 31,31 e R$ 19,55, com vencimentos 17/05/2022 e 02/06/2022, referente ao "
Sem sinal de telefone e internet da OI,no dia 14 de abril fiz uma solicitacao de troca de endereço n do protocolo*******46 recebi o email de confirmaçao de troca de tilu
Sem internet a mais de 24h,"Estamos à mais de 3 semana sem telefone (só ruídos) já entramos em contato, o prazo para a normalização sempre é prorrogado, sempr"
Ligações indesejadas,Trabalho remoto e necessito do link funcionando e desde ontem uma sequencia de absurdos da oi acontece:Oi! Aqui é a Jo
Pagamento não reconhecido (de novo),"Ola, estou recebendo muitas ligações indesejadas feitas por robôs, falando de planos da OI. Não lembro onde eu autorizei meus dado"
Plano e velocidade enganosos.,"Paguei a fatura de outubro e descubro hoje que não foi debitada e cortaram minha internet, não fui avisado em nenhum momento, não "
Internet que não funciona,"Atualmente a oi vem refazendo os contratos com o argumento de mudança para oi fibra, o que possibilita à empresa um novo contrato,"
3 dias sem internt na regiao bairro santa branca bh,"Faz aproximadamente 4 meses que estou com a Oi Fibra, no início funcionava muito bem. Quando completou 1 mês de uso comecei a ter "
Nao consigo Pagar fatura! Bloquueio,"A região do bairro Santa Branca está há 3 dias sem a internet Oi fibra, desde o dia 19/10/23 de madrugada, ligo direto para a Oi p"
Internet com péssima velocidade,"Possuo o serviço de Internet Fibra que é descontado pelo cartão de crédito, porém tive um problema com o cartão e a fatura não foi"
"upgrade de plano, upgrade de problema","Constantemente estamos tendo problema com a internet que sempre está lenta, e sempre somos mau atendidos.Dificultam e tratam"
Não consigo cancelar meu plano,"possuía uma internet de 500mb da oi, porem usava com o wifi e dava conta da largura de banda pelo wifi5, foi ofertado um plano de "
"OI não atende visita técnica agendada , sem serviços de Internet e Telefone há 1 semana","Estou tentando cancelar meu plano oi fibra Fiz o pedido pelo*******, mas ao final do atendimento pede que eu faça a juntada "
"Só tinha como instalar pelo cartão de crédito, antes mesmo da instalação ja cobraram","A visita técnica agendada para 18/10 e não realizada, sem serviços de Internet e Telefone há mais de uma semana.Entrei em co"
Fiação caindo,"Só tinha como instalar pelo cartão de crédito, antes mesmo da instalação ja cobraram sabe qual é o pior nem agendamento de m"
nao querem contestar valor total da fatura,Fiação da OI caindo em frente ao número 14841 na AV Das AMÉRICAS - RECREIO DOS BANDEIRANTES-loja Bajaj. Foi tentando abrir solicit
Não consigo falar com atendente,fiquei mes todo passado e esse de agora com problemas de sinal.   quedas constantes 4 fim de semanas sem internet total. problemas
Sem internet há mais de 50 horas.,Preciso trocar o meu modem da oi fibra de lugar. O atendimento não direciona para um atendente. A IA da Joice não reso
SEM INTERNET A 3 DIAS,"A internet parou de funcionar na sexta-feira ao meio-dia, entrei em contato com a Operadora Oi diversas vezes e a resposta que ten"
Oi fibra sem compromisso,MINHA EMPRESA ESTA EM INTERNET DESDE O 11/08/2023 JA ENTREI EM CONTATO NA MESMA DATA E FICARAM E ME AGENDARAM PARA SABADO DE 08 AS
COBRANÇA AUTOMATICA - OI,Desde sexta feira dia 06 de outubro que peço por uma mudança de endereço e eles não fazem ficam dizendo que o lugar está fechado s
Sem acesso ao e-mail @oi.com.br,"Assumi recentemente a área financeira da empresa e constatamos que existia um debito automático da internet da oi desde 2016, poré"
Cobrança por conta que não tenho.,"Senhores, venho tentando há tempos o resgate do meio e-mail ******* e a empresa nunca da retorno. Tento pelo atendimento e a ligaç"
Sem internet e sem telefone falta de respeito,"Bom dia, a mais ou menos 10 anos trabalhei com um amigo na empresa C.R Alves Franco e na época a Banda Larga do local estava em me"
Baixa internet 2.4,Bom dia Falta de respeito dessa operadora tem 3 meses todo semana tenho que ligar pra reclamar que estou sem internet e sem 
MAL ATENDIMENTO,"Há uns dias a OI Fibra não está entregando 1% da velocidade contratada na banda 2.4 , prejudicando o funcionamento do laptop, câme"
Estou sem internet faz uma semana,"TENHO CONTRATO A 99,90 AO MES, E ESTÃO COBRANDO 129,  AGORA ESTOU SEM TELEFONE E NÃO VEM ARRUMAR, UMA FALTA DE ATENÇÃO COM CLIENTE"
INTALAÇÃO OI FIBRA,"Desde o dia 04/10/2023, há uma semana atrás, estou sem internet na minha empresa, impedida de gerar notas fiscais, lançar notas, d"
"MANUTENÇÕES NA REDE SEM NOTIFICAÇÃO, PREJUÍZO POR 2X EM 1 SEMANA, SEM AVISO DA OPERADORA.",Abrimos uma filial da empresa em Florianópolis e não estamos conseguindo comprar oi fibra + telefone fixo que são padrões da OI no
"Assinei a OI por R$99,90 e agora me cobram 178 reais.","Pois bem, eu tinha o plano da OI no PF e utilizava para trabalho em casa, pois sou TI e uso a internet em meu dia para trabalho e "
Quase 30 dias sem Internet e nada de resolver,"Assinei a OI em 2020, com um combo que tinha telefone fixo e [Editado pelo Reclame Aqui]tava 99,90. A última conta (setembro/2023)"
velocidade contratada,Dia 21.09.23 parou de funcionar fibra e telefone. Dia 22.09.23 abrir o primeiro de vários protocolos*******1254. Dia 25 .09 ainda 
Sem internet por incompetência da Oi,"Até hoje não recebi minha fatura via email como pedi.. e falaram, minha internet 1 giga nao chega nem perto disso esta em 250 de d"
ASSÉDIO INTERRUPTO,"A um tempo atras fiquei quase 2 meses sem internet porque conta que troquei o endereço e solicitei a troca, o tecnico veio trocar "
Retorno de funcionamento do oi fibra,"A Oi Fibra me liga ao menos 20 vezes ao dia para me oferecer produtos, seja por ligações robóticas (Joyce) ou por pessoas, eu não "
Internet fraca,"Referente o protocolo*******3525, minha internet parou de funcionar e por incompetência de alguém meu endereço está com bairro e c"
"Não enviam conta , aumentam a fatura e bloqueiam a linha mesmo com varios chamados","Depois que fiz portabilidade da minha internet para fibra ótica da Oi, nunca mais pude assistir a filmes. O pacote de dados que en"
Internet Lenta e Má Qualidade de Serviço - OI FIBRA,"Já e a segunda reclamação , pois minha esposa fez uma na Anatel e uma por aqui e não responderam , agora venho reclamar pq liguei "
Velocidade de Internet menor que a constatada,"Prezada Equipe da OI Fibra,Venho por meio desta reclamação expressar minha profunda insatisfação com os serviços de in"
cobrança indevida,Boa noite.Estou reclamando da operadora Oi onde estao me cobrando um valor de mensalidade referente a 200 megas de Int
Toda semana a internet fica ruim,"eu mudei de endereço ( na mesma rua, que includive já tive oi nesse endereço) mas a oi informou que não tem viabilidade técnica, e"
CANCELAMENTO,"Praticamente toda semana a internet fica com perda de pacote, eles dão um prazo bem longo para resolver o problema e mesmo assim n"
Cancelei e estou sendo cobrado por conta paga,"CONTRATEI A OI FIBRA E POR MOTIVO DE SERVIÇO MAL PRESTADO FIZ O CANCELAMENTO HÁ UNS 2 MESES PELA INTELIGENCIA VIRTUAL DO TELEFONE,"
"Cobrança, problema no contrato e sem internet.",Cancelei meu contrato com a operadora Oi fibra que até prestava um bom atendimento apesar de não ter suporte técnico paguei todas 
Problemas de acesso à Internet,"Já alguns dias, estou com problemas na minha internet, ligo pra eles resolverem diz que não tem contrato no meu CPF, que estar em "
"Problemas com o sinal de internet, e o técnico não aparece. Dificuldade para cancelar e cobrança pelo serviço não prestado.","Desde de ontem (28/09/23) estou sem acesso à Internet. Entrei em contato com a Oi, via WhatsApp -técnico virtual - recebi a inform"
4 dias sem acesso à internet e sem pós vendas,Desde sexta feira 08/09/23 o fiquei sem sinal de internet e tentando resolver.. A notificação sobre uma manutenção demorou u
Oi Fibra sem funcionamento há 4 dias,"Hoje é o terceiro dia que estou sem internet, fiz um primeiro contato na terça-feira e uma mensagem automática informou que tratav"
Não executam a instalação do produto,"Possuo Oi Fibra para empresa, ou seja, precisamos de internet para todo o nosso fucionamento porém a prestadora esta realizando ma"
O sonho ainda está um pesadlo,"Meu pedido feito foi 31 de agosto, houve a necessidade de fazer adequação tecnica no prédio pois é novo, esse serviço foi realizad"
Mau atendimento / suspenção de conta,"reclamei aqui a um certo tempo atrás, e quando resolveram entrar em contato comigo, trocaram de atendente, trocaram meu nome e me "
Sem conexão com a interner,Bom dia.Protocolo em questão: *******.Fui extremamente mau atendido na ligação do protocolo a cima. Ao sol
Culpa da empresa e quer que eu pague por um problema deles,"Contratei o serviço da Oi no dia 19/09, instalaram no dia 22/09 e no mesmo dia tive que ligar devido conexão fraca, muito lenta!!!"
internet parado a uma semana,"Fizemos a contratação do plano e sabíamos da fidelização, em menos de 1 ano decidimos mudar de endereço e queríamos levar a oi par"
3 Mudanças de endereço não realizada e cancelamento não realizado,"tem uma semana que esta parado fiz reclamaçao o tecnico veio falou que o problema era na rua que iam arruma, a oi me ligou falou q"
Pagar por algo que eu não recebi?,"Solicitei mudança de endereço (na verdade foi uma opção dada pela empresa) por 3 vezes, com a promessa de o serviço fosse realizad"
Ligações abusivas,"Eu e meu esposo adquirimos a OI Fibra na minha residência. Infelizmente na minha região, a OI não é legal. O sinal é intermitente."
Oi não para de perturbar!!!,"Há meses venho recebendo ligações oferecendo internet, em todos os horários e dias da semana. Já feito cadastros de bloqueios em t"
Preciso cancelar o serviço e pagar uma conta pendente,Recebo diariamente inúmeras ligações da Oi tentando vender Oi Fibra. Por 20 anos fui cliente da Oi. Saí dela justamente devido ao 
Falta de comprometimento com cliente,"Não consigo falar na oi, o atendimento é uma porcaria, não consigo no whats, nem no telefone e o cadastro no site não funciona. "
MEU SINAL SUMIU E O TÉCNICO NAO VEM PRA CONSERTAR A CAIXA DE LUZ,Me mudei de endereço estou a mais de uma semana tentando fazer a mudança da internet e sem sucesso. O prédio onde me mudei não tem
problemas para mudança de plano oi fibra,"Desde o dia 29/10 meu sinal de internet caiu, acendendo a luz vermelha LOS, liguei para o atendimento e eles agendaram um técnico "
SEM INTERNET,Sou cliente do plano oi fibra de 500 megas há bastante tempo. Verifiquei que há disponibilidade do plano oi fibra mais de 700 mega
Ligações frequentes oferecendo fibra ótica,"Observei que estava sem internet em minha residência quando retornei  do Trabalho numa quarta feira, fiz a reclamação, agendei a v"
Festival de erros e informações contraditórias,"Tenho recebido diariamente ligações dizendo que a fibra ótica chegou no meu endereço. Mesmo bloqueando o número, logo recebo ligaç"
Ligações insistentes e pertubadoras de empresas de call center para vender o produto Oi Fibra.,"O problema começou no exato momento da contratação, feita via site da empresa. Dados preenchidos, visita técnica agendada e achei "
Pra quê disponibilizar o pagamento via Pix se a liberação do serviço pode demorar de 12 a 24 horas?,As empresas estão ligando insistentemente em nome da Oi Fibra pra oferecer seus serviços e acaba atrapalhando meu rendimento no tr
Devolução de equipamento,"Eu estava com duas contas em aberto, a que venceria no início de novembro e a que venceu no início de outubro, a Joice que é uma p"
Telemarketing insistente,"Já tentei devolver o aparelho modem oi fibra várias vezes e não consigo, já mudei de endereço, está cancelado a vários meses e con"
Dificuldades para cancelamento - Cancelamento solicitado em 23/10/2023 porém as cobranças ainda continuam de forma indevida como se o serviço estivesse ativo,"Telemarketing insistente da OI, mesmo meus números cadastrados no ""Não Perturbe"". Esse aviso da abertura da página de re"
Péssimo serviço prestado!,"Realizei o pedido de cancelamento do serviço no dia 23/10/2023 (protocolos n.*******9449 e*******2784), tendo inclusive agendado a"
Não consigo mudar a forma de pagamento,"Fazem 10 dias que estamos solicitando um reparo no cabo da fibra ótica que o caminhão rompeu na rua, já enviaram 3 técnicos que nã"
Perturbação Diária,"Aplicativo da oie e uma vergonha, não consigo nem abrir o aplicativo um lixo vai fazer 1 mês já, que tento entrar pra resolver as "
Quebra de promessa de venda,"Importunante Empresa Oi,  Favor responder o ID no site Reclame Aqui n 173779649, referente à perturbação diária "
Não aguento mais tantas ligações,Ano passado (2022) solicitamos a instalação do combo oi Fibra após receber uma oferta pelo telefone. Utilizamos o ano todo e no in
Marketing irregular e muito inconveniente,"Estou sendo continuamente perturbada com ofertas ""Oi Fibra chegou ao seu endereço"". Todos os dias, repetidas vezes, incl"
"Já estou há 12 horas sem internet, e sem trabalhar.",Constantemente recebo ligações de marketing da Oi Fibra oferencendo um serviço que nunca solicitei. O número que liga não está nos
Não consigo realizar o cancelamento,Minha conexão parou totalmente de funcionar ontem por volta das oito da noite. Infelizmente é quase impossível de falar com algum 
Bloqueio,"Estou tentando cancelar a minha assinatura com Oi devido ao serviço não prestado estou pagando por um serviço sem ter o serviço, l"
Vendedor mentiroso e suporte mais ainda,Eu sempre pago minha conta e faço via pix q acho q em todo lugar é mais rápido? Eles cismam em cortar minha conta e estando em dia
Cobrança de Conta paga estão me cobrando.,"Me ligaram oferecendo a internet , eu disse que já tinha uma , ofereceram um plano similar com um benefício a mais , eu aceitei e "
Liguei para tentar reconectar e teve mais de uma hora esperando,"Paguei a conta que estava vencida 03/10/2023 ,paguei no dia 17/10/2023 eles bloquearam meu sinal estão dizendo que a fatura está e"
Estou indignada,"Liguei para tentar reconectar minha internet e fui passado de atendente para atendente por mais de uma hora, sem receber nenhuma s"
Suporte fraco e atendimento despreparado.,"Me chamo Maria eu tinha internet oi em casa. Mas com a dificuldade pra pagar,pedi o cancelamento. Então contrai uma dívida no meu "
Cobrança indevida de multa,"Começando do início, recebi uma proposta de subir a velocidade de minha Internet para 500 lmb pagando 99$. até aí tudo bem, a Inte"
Contatos intermináveis,"Cancelei o serviço de Oi Fibra e telefone fixo após os 12 meses de uso, onde não foi autorizada renovação de novo contrato, e estã"
TENTATIVA DE CANCELAMENTO,"Não sei COMO esta empresa teve acesso aos meus dados, mas eles não param de ligar para oferecer fibra óptica. De números diversos "
Além de incomodar com ligações execivas desligam na nossa cara.,"Estou tentando fazer o cancelamento do plano, porem esta impossivel. Liguei hoje e o atendente informou que eu precisaria confirma"
OI Fibra nao quer cancelar minha internet,"Como se já não bastasse o excesso de ligações, o horário que ligam e essas ofertas e tal ao atender e após se identificarem e faze"
Aplicativo Minha Oi - Login Desabilitado,Essa empresa não respeita os clientes. Até hoje não responderam a minha reclamação anterior e hoje foi debitado em minha con
Não Contratei Oi Fibra e estão Me Cobrando,No dia 05/10/2023 entrei em contato com a operadora OI para solicitar o cancelamento de serviços de internet OI FIBRA ( protocolo*
Nao consigo atendimento na IA,"Contratei oi fibra a um mês. Entretanto, já estou tendo sérios problemas com os serviços oferecidos pela oi. Faz mais de um mês qu"
CABEAMENTO,"Recentemente recebi mensagem da Oi me Cobrando valores em aberto referente a oi fibra, porém eu nunca contratei o serviço. Entrei "
"Instalação reagendada por várias vezes, mal atendimento e até o momento não instalaram","Internet lenta, não consigo atendimento pois é necessário informar código cliente que está na fatura, porém tenho débito em conta "
LIGAÇÕES SEM FIM OFERECENDO SERVIÇO,"Faz dois meses que estamos tentando fazer o cabeamento no condomínio aonde vamos morar e não conseguimos, precisamos tentar resolv"
ESTÁ IMPOSSÍVEL CONTINUAR,"Fiz o pedido da minha oi fibra, depois de uma semana agendaram a instalaçao, chegando o dia recebi a mensagem do técnico que minha"
Estou sem internet e telefone faz 10 dias,Estou ha dias recebendo 10/15 ligações por dia oferecendo serviço do qual EU NÃO TENHO INTERESSE.Começam as 8h da manhã e se
Não instalam minha internet,"Carlos ******* dos Santos *******, Apto 102Joinville, Santa Catarina, CEP 89218-01030 de outubro de ******* Fibra Oi S.A. - em Rec"
Cadastro,"Estou sem internet e telefone faz 10 dias. Na minha casa e na vizinhança, estamos sem internet e telefone da OI por causa de chuva"
Meu nome no Serasa,"Solicitei a mudança de endereço dia 11/10/2023, já se passou 20 dias do inicio da solicitação, e todo dia eu ligando questionando "
Descaso com cliente e solicitação de Reparo não atendida.,"Veio representante da Oi em meu endereço, me ofertou plano de internet com máquina de cartão pagseguro ( grátis e sem taxa de créd"
fatura gerada em duplicidade,"Venho por meio dessa manifestar minha indignação contra essa empresa, foi comprar uma casa financiada descobri q meu nome se encon"
Sem internet e não resolvem,"Meu plano está cadastrado com pagamento automático, porém fui fazer uma viagem esse mês e fiz o pagamento adiantado. Porém mesmo j"
Estou desde o dia 10/08/2023 aguardando a visita de um técnico,"SURPREENDENTE O DESCASO TOTAL do setor de reparos da OI no estado do RJ.Estou desde ABRIL deste ano, sem conexão e sem"
Falta de Profissionalismo do Funcionário Diego Gomes de Oliveira Maciel - TELEMONT/OI,"Minha internet parou de funcionar desde o dia 27/10, no dia 28/10 acionei o reparo, que foi marcado pra hj 30/10  o técnico veio n"
Falta de suporte e prestação de serviços,"no começo de setembro fiz uma negociação com Oi, na qual efetuei o pagamento no mesmo dia, 05/09, porém o sistema da Oi gerou 2x a"
ONT da nokia 1425g-b,"Boa tarde;Estou sem internet desde o dia 17/10/2023, solicitei a analise da OI FIBRA e nada, fiz várias ligações, porem info"
Não consigo efetuar pagamento,"Minha internet não está funcionando, liguei para empresa oi sobre minha oi fibra e telefone não esta funcionando, na terça feira e"
"PRODUTO DIFERENTE DO CONTRATADO, FALTA DE INTERNET E FALTA DE JUSTIFICATIVAS.","Eu precisei de mudar de local a empresa que funcionava em um endereço em Belo Horizonte no Bairro Salgado Filho, mudei para 400m d"
Velocidade muito abaixo da contratada,"Bom fiz um contrato recentemente com a oi de fornecimento de internet fibra 500mb , porém ontem no dia 13 de outubro minha fibra f"
5 dias aguardando um reparo de 24hrs,Quero utilizar meu próprio roteador e deixar a ONT em modo BRIDGE. Um dos requisitos que eu solicitei ao vendedor é que eu aceitar
Segunda vez no mês que falta internet,"CONTRATEI A INTERNET, PORÉM ELA VEM OSCILANDO MUITO, ESTOU TENDO VÁRIOS PROBLEMAS, LIGO SEMPRE E NÃO RESOLVEM O MEU PROBLEMA."
"Oi não quer fazer cancelamento, porém não arrumam minha internet","Desde quando adquirido os serviços da empresa OI FIBRA, esta não fornece os 400 megas contratados, pelo contrário, muito abaixo do"
Velocidade prometida X velocidade fornecida,É surreal o atendimento técnico da Oi Fibra.Dia 03/10/2023 foi feita a instalação da Oi Fibra na minha residência. No moment
Modem parando de funcionar e alcance minúsculo,"Após uma queda de energia no bairro, ficamos sem sinal de internet, oi fibra, abrir uma solicitação de reparo técnico,onde foi ide"
Oi Fibra em Maricá é uma vergoha,"Segunda vez no mês que tenho problema de conexão com a oi fibra l. E quando solicito reparo pedem muitos dias, trabalho em HOME of"
Não atendem chamadas e não resolvem problemas,"Faz 2 semanas que contratei os serviços da Oi Fibra, contratei 500mb de 129 ( que me recorde o valor foi este ) MAS, nestas 2 sema"
Ligações excessiva,"Eu tinha uma Internet Oi Fibra com 200Mb de velocidade, me ofereceram uma de %00Mb de velocidade só que ela não chega nem perto di"
Funcionário cobrando valor fora a parte,"bom dia, tenho o plano oi fibra há algum tempo, e desde alguns tempos pra cá tenho tido problemas constantes com o modem. só nessa"
Queda constante da internet,"A Oi como sempre com a demora pra resolver problemas de suporte. Há 2 dias tivemos um temporal e ficamos sem internet, porém todas"
Internet não funciona há 2 dias.,"Uso a internet da oi mais de 2 anos e esse ano simplesmente tô tendo muitos problemas a internet anda muito lenta, e o pior que o "
Sem internet,Fiz o cancelamento da internet ontem 05/10/2023 hoje 06/10/2023 fico recebendo mensagens automáticas no meu watts e somente das 11
Internet muito abaixo do contratado,O funcionário está cobrando para vir até minha casa pra fazer o serviço de reparo da Internet
VELOCIDADE CONTRATADA NÃO CHEGA NEM A METADE,Não faz nem uma semana que reclamei da internet e já estou sem internet novamente e o tempo de reparo que dão é de mais de 5horas 
Manutenção,Minha Oi Fibra não funciona há 2 dias. Ontem fiquei mais de 1h no telefone com técnico para tentativa de resolução que não funcion
"NÃO ENTREGA METADE DO SERVIÇO CONTRATADO - internet vivo Fibra 400MB, não chega nem 100MB","Já não estou aguentando essa situação, estou sem internet desde o dia 13/09, a internet voltou no dia 19 e ficou muito lenta, no d"
Não consigo falar com atendente para agendar reparo na rede.,"Há mais ou menos duas semana teve um reparo na rede, sem aviso, de um dia inteiro. Após esse reparo, minha Internet de 500mb entre"
Não entregam velocidade que prometem,"Tenho o plano da OI FIBRA há uns 3 anos, nunca tive problemas, porém com a última fidelização ocorrida em março/2023 percebi que a"
Internet sem funcionamento,"Frequentemente fico sem acesso à internet, sem nem sequer um aviso prévio para me preparar! Trabalho de casa alguns dias e necessi"
Fibra com reparos constantes,NÃO ENTREGA METADE DO SERVIÇO CONTRATADOInternet contratada de 400MB onde se paga caro pelo plano e não tem qual
Serviço de péssima qualidade - propaganda enganosa,"Há cerca de um mês venho tendo problemas com minha internet de 400mb da oi.A internet começa a ficar lenta e caindo, faço o "
Pessimo Suporte e Internet da Fibra Pessima,Contratei 200 M de velocidade Oi Fibra mas só chega 100 M. Já liguei diversas vezes e ninguém resolvw
Só promessa,"Fiquei sem internet ontem às 15hrs e informaram que estavam em reparos, até agora eu não tenho acesso.Sendo que trabalho hom"
Arrependimento pelo novo Contrato e mudança de plano,"Domingo notei minha internet lenta, abri o app do técnico virtual e deu manutenção na rede com prazo pras 20:00 após as 20:00 cont"
Mal funcionamento da Internet,"Olá, contratei o serviço de 200 megas da OI FIBRA, não consta pagamento pendente, e estou tendo muitas dificuldades de navegar na "
Minha internet não carrega nada,"Tentei por 1 mês o contato com a OI para solucionar o problema da forte lentidão do wifi, porem sempre foi a solução de reiniciar "
MINHA INTERNET NÃO FUNCIONA E NÃO CONSERTAM,Já se faz 5 anos pedindo velocidade e dizem que minha rede não suporta e como tbm a fibra que falta de respeito pelo consumidor já
Internet travando o tempo inteiro!!!!!,"Já possuía a oi fibra em casa e me ofereceram aumentar a velocidade de 200 mega para 500 mega pelo mesmo valor, porém não recebo o"
Toda semana fico sem internet,"Já faz um mês que a Internet não funciona como deveria funcionar. Tenho efetuado farias ligações, e não surtiu efeito ."
Não recebi o contratado!,Tenho 2mega de internet não consigo abrir nem o Instagram não roda nada nela não chega o que eles prometem de 200 mega
Porcaria de internet,"Tenho a quase um ano o contrato da oi fibra, de 3 meses pra cá não está funcionando mais, a velocidade está em 20 megas, testo via"
Estou já a 3 dias sem internet e nada de arrumarem,Estava sem internet por conta da falta do pagamento. No dia 11 de setembro acertei as contas e mesmo assim não voltou a funcionar.
Mal funcionamento e aumento do valor!,"eu tenho dois contatos na minha casa tem meu celular e apenas meu projetor, na casa do meu pais tem as TV, o Xbox e o celulares. l"
BEMVINDO15,"Olá toda semana fico sem internet ainda mais nos finais de semana, sempre tenho que ficar ligando pra resolverem assim tá difícil "
Mal funcionamento,"A empresa me ofereceu há dois dias a mudança para o plano de 500 Mega. Aceitei, foi feita a alteração, segundo eles, porém a Inter"
Recem contratado já sem conexao,"Instalamos a internet no dia 26/09 por volta das 11 da manhã. No mesmo dia na parte da tarde a internet já parou de funcionar, ent"
SEM SINAL DE INTERNET A MAIS DE 5 DIAS SEM PREVISÃO DE RETORNO,"Cheguei de viagem fiquei 20 dias fora aí quando vou ligar novamente minha internet não funciona, bom já é a 4 vez que eu tenho que"
Velocidade de internet abaixo da contratada,"Há uns 3 dias nossa Internet está uma P0RC@RI@!!! Temos vários aplicativos parar acessar de plano de saúde, banco e até mesmo rede"
Sem internet e o técnico mentiu que foi na minha residência.,Estou pagando o fixo sem estar usando já a um ano quero cancelar
Minha internet só trava e não  funciona,"Contratei um plano de 500 megas, e estou muito insatisfeita com os serviços da Oi  ,imagem da Oi play  sem qualidade, instabilidad"
Minha internet não funciona,"No dia 14/09/23, liguei pra Oi para contratar o serviço, agendei instalação para  16/09/23 (sábado), o técnico não veio, só conseg"
Internet 5G não funciona e inúmeras quedas de sinal d internet,"Estou a mais de 5 dias sem sinal de internet, com previsões de normalizações sendo prorrogadas a cada 12 horas. Já liguei no setor"
"INTERNET RUIM, QUEDAS CONSTANTES E NÃO RECEBO OQUE ESTAR NO CONTRATO","Efetuei a contratação de internet oi fibra de 500 mega, porém estou recebendo apenas 200 mega. Efetuei. Abertura dos protocolos:**"
Contratei 700 MB e recebo 90 MB,"Estou sem internet desde domingo (24/09/2023), liguei no mesmo dia e não conseguiram fazer meu agendamento pois estavam sem sistem"
Recebendo menos dados do que contratado; agendamento dificuldade na comunicação com a empresa.,"A mais de 3 meses venho pedindo reparos e informando que minha internet esta travando demais nao abre nada nem aplicativos, a oper"
Internet horrível,"Estou sem internet a mais de 1 semana, desde o dia 16/09.Já liguei diversas vezes e não resolvem.Marcaram a visita de "
Não recebo a velocidade de internet contratada,"Estou a dias tentando resolver um problema técnico que crédito ser no modem, porém, sem êxito. Tentei por inúmeras vezes alterar a"
Continuo sem internet,"Há dias que ligo e faço a solicitação de melhorias na qualidade da internet, pois até agora não teve nenhuma melhora, a internet c"
Nao tenho a velocidade de contrada,"Fui induzido a contratar o plano de 700 MB da Oi Fibra e nunca recebi nem 50% da velocidade, entrei em contato com a operadora par"
Falta de internet e atendimento horrível,"Bom dia.Possuo a internet da Oi fibra há uns 4 anos aproximadamente, onde a mesma nunca havia me dado problemas muito "
PÉSSIMA INTERNET E ATENDIMENTO SEM REPAROS,A empresa da Oi não presta um bom serviço a internet eles vivem fazendo manutenção e sem contar que que contestei um velocidade de
Sem Internet,"Possuo o plano OI Fibra de 500 Mbps e minha internet é horrível. Quando faço medições via Speed Test, a velocidade fica em torno d"
Madrugadas sem internet,"Estou sem internet desde 27 de setembro! Mando mensagem pelo whatsapp para a oi ,e ate agora nada! Desde o dia 27 de setembro ,a a"
Atendimento,"ja liguei diversas vezes , já acionei o suporte. ja falei com os N2 e miguem resolve questão do wifi caindo e a velocidade da inte"
Sem Wi-Fi em casa,"Faz dois dias que estou sem internet e não consigo ligar pra falar com um atendente, somente com computador, preciso de reparo em "
O Suco do Lixo,"Temos a internet da oi para auxiliar, pois somos uma empresa que trabalha com a internet integralmente e estamos enfrentando const"
Estou sem internet e não consigo atendimento,A 10 dias mudei a minha internet de TIM para Oi Fibra porque a TIM não fazia reparo na minha área. E continuo com o mesmo problema
Falha no serviço Oi Fibra,"Já faz um bom tempo que, apenas na madrugada, por volta das 03h, simplesmente o sinal da minha internet para de funcionar, e quand"
Internet ruim,"Não basta a Internet de vocês ser ruim, o atendimento também é péssimo pois não tem uma pessoa que trate dos assuntos referentes a"
Velocidade dos MBs abaixo do contratado,"Estamos sem wi-fi em casa já faz mais de 03 dias. Tudo começou na quarta-feira (27/09/2023), às 9:20, quando funcionários da Oi Fi"
"Péssima internet, quase 30 horas sem internet e técnicos mal educados.","Eu simplesmente desisto de usar essa merda.É a mesa história sempre. Sempre com defeito, sempre com problemas na e sempre só"
Oi Fibra com latência extremamente alta mesmo usando direto pelo cabo,Estou a mais de 30 minutos em uma chamada aguardando atendimento do suporte da oi fibra e nada de atendimento. Isso é uma vergonha
Sem internet há uma semana,Sem conexão com a Internet desde a noite de 21/09 e com protocolo aberto sem solução desde a manhã de 22/09. Já foi identificado q
Não funciona 5GHz no Oi Fibra,"Minha mãe e eu possuímos Oi Fibra em nossa casa, frequentemente precisamos fazer o uso do 4G pois o Wi-Fi simplesmente não funcion"
Sinal Internet ruim,Decepção essa é a palavra correta.Entrei em contato com uma atendente virtual Porquê nem gente tem pra resolver..Para 
"INTERNET NAO FUNCIONA A MAIS DE 20 DIAS, FALAM QUE O PROBLEMA É NA RUA E NÃO RESOLVE",A internet da minha residência a vários dias está com problema para usar pois a quantia de MBs está extremamente baixa e assim est
Baixa velocidade - menos de 100MB/Contratado 400MB,"Contratei um plano de 400mb e essa porcaria não chega há 100mb. É uma lentidão para fazer download, vídeos do YouTube não carrega,"
Insatisfação com atendimento,"Fiz a solicitação de instalação da oi fibra, ainda nem recebi a primeira fatura, e a internet NUNCA funcionou de forma adequada, o"
a internt não funciona,"No dia 24/09/23, por volta das 14:00 horas, minha conexão de internet da Oi Fibra ficou inoperante. Imediatamente entrei em contat"
"Não mandam fatura,e bloqueiam mesmo após pagamento por pix",Assinei a Oi Fibra essa semana e a latência para download está extremamente alto. Nos testes está chegando a 200ms usando a intern
Sem funcionamento,"Liguei para o atendimento da Oi, para abrir um reparo, para sábado, a atendente disse que não tinha agenda, pois era longe a data,"
Ultimamente a Oi Fibra tem entrado em constantes reparo e cobrando valor cheio no final do mês,Foi instalado a pouco dias no nosso condomínio um link de 1Ghz de Internet OI Fibra.Porem desde o inicio não conseguimos con
Sem sinal Fibra INTERNET,"Desde quando adquiri o produto fibra da Oi  e hoje reclamando da Internet, nunca tem um sinal lenta e nunca chega nem cem mega sen"
Sem Internet há 6 dias,"Contratei um plano que promete 200 mega de internet, no entanto, o máximo que chega é 10 mega, já liguei para a operadora e fiz to"
Oi Fibra sem conexão há 3 dias,"Fizemos diversos contatos onde em todos eles pediam o prazo de 24 horas para reparo, informaram que existia chamado em aberto que "
Modem Não Funciona Portas LAN,"Seguidamente estou com baixa velocidade no acesso, sempre tenho que ligar e reclamar. Nunca dão explicação sobre a origem do probl"
Cobrança indevida de valores,Há vários dias estou sem internet e a equipe técnica da oi fibra não resolve o problema nem me dá satisfação. Falar com inteligênc
Falta de sinal,"A INTERNET NAO FUNCIONA, VC PEDE ASSISTENCIA TECNICA ELES NAO ENVIAM, ATENDIMENTO PESSIMO. JA PEDI ATE PÉLO AMOR DE DEUS, ESTOU IM"
Sem conexão,Desde o dia 09/09/2023 estou sem Internet aqui em casa veio um assistente da Oi e viu que o problema era no poste e não aqui em ca
A OI fibra não dá assistência técnica pra o cliente,"Minha internet só vive lenta e oscilando ultimamente, já entrei no site várias vezes pra tentar reparar e continua lenta!!! "
A MINHA INTERNET CONTINUA LENTA.,"Minha Internet foi bloqueada e, ao ligar para o atendimento da OI, me disseram que havia sido bloqueada por falta de pagamento. Av"
Insatisfeita com Tudo,Contratei pacote de internet oi fibra p minha empresa há mais de 1 ano e sempre tive problemas com sinais por 1 a há 2 dias seguid
A Oi é uma empresa sem caráter.,"A Oi Fibra vive em reparo nao meu bairro, fica até 12 horas sem internet seguidamente, e nesse ano pelo menos duas vezes por mês f"
"Pela segunda vez solicito o cancelamento total da fatura no valor de R$61,88 com vencimento 11/09/2023 pois estou com problemas na internet desde o dia 03/01/2023 já foram efetuados vários reparos porém sem solução",Ontem dia (06/09/2023) cheguei em casa e estava sem internet da OI. Tentei contato via WhatsApp da OI e recebi a informação que nã
03 semanas sem internet e a Oi Fibra não resolve,"Estou sem Internet desde sábado 2/9/2023, e peço todos os dias e falam que o técnico virá e nada,hoje dia 7/9 nada até agora.Já li"
Travaram minha Net de volta,Bom dia !Sou sócio proprietário da empresa Logisticar Transportes e hoje faz exatamente 3 dias que estamos sem conexão de in
Não dão assistência. Ao cliente,Solicitei a Oi Fibra e a instalação ocorreu no dia 23/08/2023. Constatei que a porta LAN não estava entregando a internet para o m
FICO SEM INTERNET TODA SEMANA E SE RE[Editado pelo Reclame Aqui]AM A ATENDER,Solicitei um plano de fibra de 400 mb básico que nem chega a velocidade contratada conforme anexo e ao acessar minha conta vi que 
Peço o cancelamento Da Minha Fatura porem operadora Se Re[Editado pelo Reclame Aqui]a a Cancelar,"Estou a várias meses com dificuldade na navegação, já fiz várias reclamações, porém sem nenhum resultado definitivo, por último me"
Oi internet,Estou desde quinta feira sem conexão de internet. Atendimento somente informa que estão efetuando reparo e a todo momento adiam o 
Cancelamento oi fibra,Desde o dia 30/08/2023 minha internet vem caindo e afetando meu trabalho em casa. Ligo para o número fornecido no site e no aplica
Nome Negativo,"A MINHA INTERNET CONTINUA LENTA À MESES, EU NÃO AGUENTO MAIS,  RECLAMO MAIS NÃO TENHO EXETO,  PRECISO DE UMA SOLUÇÃO URGENTE."
Tenho uma  AUTISTA em casa Desrespeito com o consumidor,"Aderir o plano da fibra da Oi em dezembro de 2022 com uma funcionária da qual veio me oferecer o serviço na porta da minha casa, c"
Mudança de plano sem autorização,"Tive inúmeros problemas com a Oi desde o primeiro dia que contratei esse (des)serviço, ano passado fiquei quase um mês sem interne"
"Solicitei e cancelei solicitação de OI Fibra, mas recebo ligações a cada 10 minutos","Pela segunda vez solicito o cancelamento total da fatura no valor de R$61,88 com vencimento 11/09/2023 pois estou com problemas na"
Não deixam cancelar,"Há três semanas estou sem Internet. Nesse período, ligo todos os dias para empresa Oi Fibra e a mesma não resolve. Faz agendamento"
Não cumprem data de agendamento,Já fiz o pagamento e não desbloquearam meu sinal
Cancelamento dificultado pela operadora,"Paguei uma conta duas vezes, e uma atrasada por erro , estou tentando falar com atendente pedindo um jeito de enviar o comprovante"
Pago e não desbloqueia o serviço,"ESSA EMPRESA ESPECIALISTA EM SUGAR DINHEIRO toda semana fica sem internet e é LITERALMENTE IMPOSSÍVEL falar com essa empresa, pare"
Visita técnica reagendada,"A Internet Oi da minha casa não funciona várias vezes durante o dia, fica travando, já reclamamos por telefone, o técnico esteve n"
Indisponibilidade de Internet,"Pela segunda vez solicito o cancelamento total da fatura no valor de R$126,50 com vencimento 11/08/2023 pois estou com problemas n"
"Mudança de endereço , atendimento péssimo","A vários dias estamos tendo problema com a lentidão da internet da OI que temos em casa, a mesma não abre nem arquivo anexado nos "
Cobranças [Editado pelo Reclame Aqui],Vou me mudar de Cidade por tanto no local não tem oi fibra pedi o cancelamento e querer que eu pague a taxa de quebra de contrato 
Não aguento mais a OI FIBRA COM TELEMARKETING,Fiz o pagamento do acordo porém até agora não foi retirado o meu nome do serasa
Serviço Horrível - Instabilidade Constante,Me chamo Raquel. No dia 15/10/2019 minha Internet parou de funcionar. Tentei o reparo pela oi-e mas não consegui e tive que entrar
Empresa nao cancela meu plano,"Boa tarde. Meu pai é titular da Oi Fibra, porem, quem resolve pra ele sou eu que sou filha, porém, chegou a conta para pagar com o"
Mais de 60 ligações até agora15h da tarde,"Solicitei e cancelei solicitação de OI Fibra 1 dia depois, pois no momento não desejo mais contratar, já expliquei isso por whatsa"
TELEMARKETING E LIGAÇÕES CONSTANTES,estao me cobrando uma assinatura da hbo max que eu nao fiz.
Não consegui falar para cancelar,Estou a quase 2 semanas tentando cancelar o contrato e fazem de tudo para não permitir.. Liguei por diversas vezes na ouvidoria e 
Um desserviço que cansa,"Pela segunda vez AGENDO DATA E HORÁRIO para virem buscar o aparelho da Oi Fibra e NUNCA VIERAM! Acabei de agendar novamente, vamos"
cobrança por serviços não contratados,Gostaria de expressar minha insatisfação e frustração em relação à dificuldade que estou enfrentando para efetuar o cancelamento d
Pedi mudança de endereço e a Oi continuou cobrando no endereço antigo e no novo.,Paguei no pix dia 13/10/2023 com a promessa de desbloqueio em até 3 horas hoje já são dia 16/10/2023 e já fiz várias ligações para
Cobraça Indevida,Estou a quase uma semana sem Internet e agendo a visita técnica e eles não vem ligo pra Oi e a única solução que me dão é reagenda
Cobrança,"Estamos sem OI FIBRA e telefone fixo já faz +30 horas.Tentamos contato telefonico várias vezes, no dia 14/10 foi infor"
Usou meus dados indevido,"A empresa citada , não responde durante 3 dias , alegando não ter uma resposta se existe como fazer a instalação no novo endereço "
Suporte Técnico não Funciona,"eu solicitei o cancelamento da oi fibra em maio porque pra onde eu moro nao tem oi fibra, ai eles falaram que seria melhor trocar "
Venda Casada,A OI FIBRA ESTÁ ME PERTUBANDO COM LIGAÇÕES E ME ENVIANDO MENSAGENS NO WHATSAPP PARA ME OFERECER PLANOS DE INTERNET. EU NUNCA
Mudança de endereço,A internet fica mais tempo sem funcionar do que funcionando. Estou tendo uma dificuldade imensa de ficar uma semana sem ter proble
Data de vencimento,Solicitei cancelamento automático via telefone do meu plano e não foi realizado. estou tentando cancelar via WhatsApp e o sistema 
NÃO QUERO MAIS RECEBER OFERTAS DA OI FIBRA,Me ligaram ontem sobre ter chegado oi fibra na minha casa cai na bobeira de pedir informações e agora não param de ligar. E foi da
Ofertaram um valor e cobram outro.,O consumidor possui um contrato de telefonia fixa com a OI e vem recebendo constantes ligações da empresa fornecendo serviço de OI
Alteracao de titular sem sucesso,"Não consigo entrar em contato para cancelar, não consegui resetar a senha do aplicativo.. Suporte péssimo. Quero cancelamento imed"
Me cobrando oi sem eu ter serviços oi durante 1 ano me cobrando,"Quando acabou o prazo de fidelização do meu contrato com a oi fibra, recebi várias ligações pra atualizar meu contrato, em várias "
"OI FIBRA ME LIGA TODOS OS DIAS, TODA HORA, ME OFERECENDO SERVIÇOS DOS QUAIS EU JÁ RE[Editado pelo Reclame Aqui]EI","notei que tem alguns meses que minha conta está vindo com valores um pouco mais alto, sempre aumentando e fui ler, estão sendo cob"
Cancelamento não efetuado,"Em abril de 2023 pedi uma mudança de endereço pra oi, foi marcada a instalação pro dia 15  e no mesmo dia a internet foi desligada"
Cobrança indevida por cancelamento de serviço oi fibra,Em 03/setembro/2023 solicitei a portabilidade da Linha******* + Internet Oi Fibra para empresa Algar Telecom S/A.Em 05
Falta de internet,Estão me cobrando após o cancelamento da internet
Péssimo serviço de reparo,"Mais uma vez venho aqui pra reclamar da oi , eles não resolveram minha situação q alguém usou meus dados pra contratar eles , e me"
Devolução do Modem Oi Fibra,Estou a 6 dias sem Internet. Liguei para central de atendimento da OI e agendaram visita técnica. Porém o técnico não apareceu e n
Falta de sinal de internet,"Ao tentar contratar um pacote de internet Oi Fibra, me deparei com um contrato que estava me vendendo não somente a internet, mas "
Taxa de habilitação cobrada indevidamente,Solicitei uma mudança de endereço para minha internet Oi fibra há mais de uma semana. Marcam a instalação e não comparecem ao ende
Transferência do endereço da instalação,"Contratei os serviços da Oi fibra, no dia 1/09, onde o atendente pediu para eu escolher uma data de vencimento, lembro que escolhi"
Multa de cancelamento,Sou cliente da oi a mais de um ano entrei em contato com a oi para cancelar  e eles querem me cobrar uma multa de mais de quatroce
Suspensão temporária de serviços,"Olá, tenho a muitos anos bloqueio do Não Me Perturbe e nos últimos meses estou recebendo ligações da Oi Fibra, oferecendo serviços"
Sem conexao,"No dia que foi aderido ao plano oi fibra, o atendente me ofertou o valor de 79,90, mesmo eu falando que não tinha cartão de débito"
Estão me cobrando um valor maior do que o combinado.,Estão me cobrando 4 contas sendo que eu moro em penha e as contas que estão no nome de outra pessoa que mora em rio do sul são mai
COBRANÇA INDEVIDA,Tentei por 3 vezes solicitar a alteracao do titular de um plano de internet de fibra da OI sem sucesso. Por diversar vezes ouvi e 
Produto cancelado no dia 27 de setembro de 2023,Minha fidelidade com a Oi acabou ano passado entre junho a agosto eu pedi pra cancelar depois da fidelidade..Mais a oi
Ligação excessiva,"A OI FIBRA está abusando em quantidades de ligações automáticas par oferecimento de serviços. TODOS OS DIAS ELES LIGAM, em vários "
Sem serviço há 2 dias e sem previsão,"Já abri reclamação na Anatel, tô desde sábado dia 30/09 tentando fazer a mudança de endereço, pois me mudei e preciso da internet."
Paguei dívida no serasa e ela voltou a aparecer,"Mudei de residência ,de São Leopoldo para Ivoti. No dia 28/09/23 (protocolo*******80) pedi a mudança do serviço da Oi fibra para m"
