Titulos,Conteudo;
Instalação ainda no endereço errado e não consigo realizar a troca de plano,Estou tentando realizar a troca do plano que no site consta que tem cobertura para 1gb o atendente do telefone fala que não tem co;
"inserção indevida do meu nome no SPCSERASA,""Ontem ao consultar meu nome vi que, pra minha surpresa há uma dívida  com a empresa TIM, declaro que em toda a minha vida, nunca p""";
"Ligações incessantes,""Há aproximadamente um ano, está insuportável ser cliente da TIM. Todos os dias, recebo pelo menos duas ligações me oferecendo muda""";
"Tim cobrança indevida,""Contratei a Tim devido o roubo do celular de meu marido, como a noite os vendedores da linha estavam passando e foram muito presta""";
Cobrança endivida após cancelamento e pagamento antecipado.,A equipe da Tim em Piraquara Pr passando de casa em casa passaram em casa eu disse que já tinha e tinha renovado a pouco c a (Oi) ;
Não cumprem o prometido,Liguei nesta empresa no mês 8 pra cancelar o serviço devido a conta ter aumentado muito e ter no mercado valores mais acessíveis. ;
"Cobrança indevida,""Boa tarde, tive alguns transtornos no mês passado, fiz a reclama aqui mesmo, a atendente entrou em contato comigo para saber como """;
"Cobrança Indevida- Serviço não contratado,""Prezados, venho através desta representando minha cliente Ana Paula da Silva Machado, inscrita no CPF ******* informar que a mesma""";
Saco cheio de receber ligações da Tim que começam 9h e diversas vezes ao dia,Muito incômodo receber ligações de diversos números oferecendo produtos da tim;
"Ligações promocionais,""Hoje pela manhã, recebi perto de 50 ligações de um número com prefixo 4052. Quando atendia ele desligava. Inadmissível essa postur""";
Tim telemarketing que não respeita o consumidor,Tim Brasília disparou o robô mais de 30 vezes em um só dia para me atormentar e mePrejudicar . Ligações no meu número a qual;
"Instalação Tim Fibra,""Já fui cliente a um tempo atrás, mais dessa vez deixaram muito a desejar. Os contatei no dia 19/10 pela manhã para uma adesã""";
Código para débito automático,Recebi 3 códigos diferentes pata débito automático e tentei ligar para confirmar qual o correto e ninguém informou... solicito que;
Suspenderam o serviço via linha férrea antes de instalar a fibra e fiquei sem internet,A Tim simplesmente suspendeu o meu serviço de internet atual via linha metálica com o pretexto de que trocariam por fibra óptica s;
"Nova cobrança - fatura - após cancelamento,""Após a resolução do problema inicial, chegou uma cobrança (fatura) no meu e-mail. Tentei contato por outros meios para entender a """;
"Débito automático,""No ano passado, contratei o plano de 300mb por R$98,50, com duração até o mes de outubro, porem nos últimos dois meses (setembro e""";
Alteração de plano,Não consigo por débito automático para abaixar o valor da fatura que aumentou e não consigo atendimento;
Multa de cancelamento sem ter sido informado que possuía fidelidade.,Sou cliente da TIM FIBRA. Tento entrar em contato com o atendente para alterar o meu plano e não consigo.O telefone 10;
"Não funciona, pura inganacao,""Ao contratar os serviços, não estava escrito no anuncio que possuía fidelidade, apenas desconto para débito automático. Solicitei """;
"Tim me ligou falando que estava migrando a rede da OI em Brasília,""Estou com. Um problema recorrente com a Tim ultra fibra.No mês 09/2023, após me prometeram que o serviço de Internet seria r""";
Vieram instalar Tim Ultrafibra que não solicitei,A TIM me ligou dizendo que estava migrando os clientes da OI para a rede da TIM e perguntaram se eu estava disposto a migrar; Diss
TIM Ultra Fibra: Péssimo atendimento!,Recebi um email dia 27/10/2023 dizendo que receberam meu pedido*******41 de Tim Ultrafibra e que estava em análise. Não solicitei ;
"VERGONHA,""Solicitei migração de meu plano já que o atual não mais me atende, velocidade cada dia pior, me pediram 10 dias para ativação. Me """;
"Atendente grossa,""Estou desde 26/10/2023 sem internet, fiz a solicitação de reparo e foi agendado para sábado, e fiquei esperado o dia inteiro e o t""";
"Falta de ética moral com o consumidor,""Esqueci de pagar a fatura ( como sempre ) mas sempre paguei apesar dos atrasos, sou cliente a o quê? Uma década? Desde de que a Ti""";
"Cobrança Taxa de habilitação   - Cancelamento por falta de prestação de Serviço,""A prestadora de serviço se ausenta de passar ao seus clientes que quando há falta do serviço de banda Larga por manutenção, isto s""";
Estou sem Internet a vários dias sem resolução,Desde da data do dia 18/09 onde eu solicitei cancelamento por falta de prestação do serviço.   Estava em tratativas para não pagam;
"Cancelamento,""No dia 26/10/2023, minha internet apresentou problemas técnicos. Fui informado pelo protocolo*******96, que o prazo de atendimento""";
"Plano cancelado e ainda estão cobrando,""Eu instalei a Tim, mas não gostei e por direito tenho 7 dias para cancelar sem [Editado pelo Reclame Aqui]to, mas toda vez que ten""";
Estou sem Internet uma semana,Boa noite! Veio por meio dessa solicitar novamente o cancelamentos das faturas em aberto. Já foi feito o cancelamento pela atenden;
"Sem internet,""Tentei várias vezes a visita de um técnico , me confirmam o agendamento  porém não vem, outra situação fazem de tudo para não cons""";
"Pedi a portabilidade do meu número na Tim para a vivo,""Dia 28/10/23 fiquei parte do dia sem internet, liguei para tim e me agendarão um reparo no período da tarde, internet restabelecid""";
Lentidão da conexão,Eu pedi a portabilidade da Tim para a Vivo .porém a Tim fica segurando e não libera ..Preciso que a Tim libere meu número;
Problema não resolvido,Contratei o serviço de 500MB há 3 meses. O serviço aumentou de preço e caiu a qualidade. Vergonha!;
Quase 10 dias sem Internet - visita técnica sem realização do reparo,Sem internet desde sábado falaram que iria resolver até data de hoje já liguei falam mesma coisa preciso de internet trabalho em c;
4 DIAS SEM INTERNET E TECNICO DE CAMPO FICA REMARCANDO E NÃO VEM,Estamos a quase 10 dias sem Internet. A primeira visita técnica disse que havia um rompimento no cabo externo; a segunda que estav
"Cancelamento TIM Live,""BOA NOITE , ESTOU 4 DIAS UTEIS SEM INTERNET E CONEXÃO NA MINHA RISEDENCIA FOI ABERTO DIVERSOS CHAMADO PARA REPARO , FOI MARCADO A """;
"Permanência nas ligações,""Estou a dias tentando cancelar o plano TIM Live Internet 50GB Plus.Quando ligo no número de atendimento, sou atendido pela a""";
"Mal  Atendimento,""Esse número*******4  ligou e não fala nada .  Já tinha reclamado aqui no """"Reclame Aqui """" e vcs aindam  persistem nesse i""";
"Tim me deixou 3 dias sem internet e agora cobra o valor cheio,""Sou  cliente  da Tim, estou tentando cancelar o serviço de Internet  fixa, ligo para o 10341, além  de ficar 35 minutos  esperando""";
Dois dias sem internet.,Em dois meses essa já é a minha terceira reclamação da Tim. A Tim me deixou sem internet e sem nenhuma explicação plausível do dia;
"Sem Internet, conta mais cara e técnico não compareceu,""Já passou de 48 horas sem solução, mandam religar o modem ou perguntam se o computador está ligado na tomada, no maior tom de debo""";
Disseram que não iriam cobrar nada após csncelamento e acabaram cobrando.,Estou desde 25/11 sem conexão com a internet. Minha Tim ultrafibra simplesmente parou de funcionar. No mesmo dia tentei ligar para;
"Internet funcionando abaixo da velocidade ofertada e apresentando quedas constantes,""Desde que instalei a Internet da tim ja tive problema, peguei o pacote que vinha com o hbo max, e estava com problema para que eu """;
Dificuldade em cancelar o Plano,Desde o final do mês de setembro minha internet Tim Fibra 300megas vem apresentando instabilidades em determinados períodos. Reali;
"Valor da fatura mais alto que o informado no momento da contratação,""Na quinta feira dia 26/10 entrei em contato com a operadora, reclamando de falta de internet, a mesmo me informou via chat que nor""";
"Telemarketing abusivo,""Olá, já liguei 2 vezes para cancelar meu plano Tim fibra, e dificultam muito, ficam pedindo mais uma chance, mas não tenho mas int""";
"SEM INTERNET OUTRA VEZ,""Gostaria de reclamar em relação ao valor do plano oferecido, ao ser ofertado o produto de internet 500 mega, a vendedora ofertou p""";
"Cobrança,""A empresa me ligo hoje em meu celular oferencendo seus serviços. Eu tenho meu número cadastrado no """"Não me perturbe"""". Ex""";
LIGAÇÕES CALL CENTER SEM AUTORIZAÇÃO,Mais uma vez estou vindo aqui reclamar e já estou colecionando reclamações sobre o mesmo problema. O bom é que terei insumos para ;
"Não alteram plano que já foi solicitado,""Boa tardeFiquei devendo uma fatura d vcs, tive o serviço suspenso até aí ok. Pra minha surpresa eu recebi cobranca d três fa""";
"LIVE TIM bloqueiou o acesso ao site da empresa onde trabalho.,""PELO AMOR DE DEUS.. Não quero mais receber ligações da TIM me oferecendo fibra ou celular. Independente se for outra empresa, espe""";
Serviço não instalado na residencia,Todo ano enfrento com mesmo problema com a Tim. Meu plano é antigo e a conexão tem estado péssima. Entrei em contato para solicita;
"Falta de internet, cobrança indevida e impossibilidade de cancelamento do serviço,""Estou trabalhando em Home office há aproximadamente 3 anos e nunca tive problemas com a TIM, em relação ao sinal sempre foi ótimo.""";
"Instalação dos serviços não concluída, sem resolução assertiva,""Solicitei a instalação do serviço de internet da TIM ULTRA FIBRA na minha residência, via WhatsApp com o representante da TIM, for""";
"Instalação não solicitada,""Desde a sexta de carnaval de 2023 estou sem internet, alegaram que no momento era impossível realizar o reparo na minha região e q""";
"contratei um plano por 99 reais e estão me cobrando 134,""Gostaria muito dos serviços da TIM, porém infelizmente não estou recebendo uma resposta assertiva da minha instalação. Acontece qu""";
"Sem internet em modo bridge,""Sou cliente de vocês a mais de 1 ano.Hoje entrei em contato com 10341 - Falei com Ramon, Maike, Adriele, Daniele, Aria""";
"Sem acesso a área de cancelamento,""A Tim me ligou oferecendo um serviço de internet de 500mb, na época eu estava com a operadora  Oi, mas me ofereceram esse plano de""";
Dificuldades para mudança de plano,Nao estou conseguindo acessar a internet em modo bridge desde que houve uma manutencao emergencial. estou sem internet ja faz dias;
"Lentidão no acesso a internet,""Fiz o cancelamento do pacote de fibra que tive vários problemas referentes a conexão, estou recebendo uma cobrança e não consigo t""";
"Mensalidade cobrada duas vezes,""Estou desde o dia 6/11 tentando upgrade do meu plano contratado de 300Mb para 500Mb,e não consigo ter essa troca de plano efetuada""";
Esta empresa deveria ser classificva como uma ignomínia,Ligação computador e acesso ao sistema super lento..;
"Atendimento muito ruim, confuso e despreocupado com compromisso ao cliente,""Fiz um novo acordo com a Empresa Tim, eles me passaram o boleto para o pagamento, eu o fiz, porém me foi cobrado em debito automát""";
"Cancelamento de linha e cobrança pós cancelamento,""Fiz uma reclamação anterior sobre suporte técnico, fique insatisfeito, aí a """"especialista"""" Srta Verlaine entrou em conta""";
"Internet Banda Larga extremamente lenta hoje (23/10/23) = <  0,3 Mbps de download,""Bom diaDesde ontem 23/10/2023 enfrento problema com o atendimento da TIM, entrei em contato inicialmente tentando cancelar d""";
"não para de ligar ja fiz uma reclamação hoje e nada,""Foi solicitado o cancelamento da linha ultra fibra da TIM por motivo de mudança, no novo endereço eles não atuam e não tem porta d""";
"FALTA DE CONEXÃO,""Velocidade de download <  0,30 Mbps . O que está havendo ??? Perspectivas de melhora ??""";
Não cumprimento da oferta e cancelamento,toda hora e todo dia a tim fica ligando e ja disse que ja tenho mais mesmo assim fica ligandoi;
"Abertura de Porta,""Desde do dia  17/10/2023 estou sem internet, abri diversos protocolos de reclamação e a resposta é padrão ( retorno até 8  horas) """;
"Cancelamento de internet,""Prezados, Entrei em contato com a operadora no dia 19/10 por volta das 11hrs da manhã via whatsapp para abrir um chamando po""";
Falta Internet a 05 dias,Estou precisando que a Tim resolva sobre a abertura/configuração de uma porta para que eu posso exercer as minhas atividades labor;
"Contas em dia e bloqueio/redução da internet.,""Tenho uma conta com a TIm, apenas de internet. A conta atual esta em debito automatico e nao recebo a fatura fisica. Dessa forma, """;
"NÃO FOI POSSÍVEL ACESSAR O MEU TIM NESTE MOMENTO. FECHE O SEU NAVEGADOR E TENTE NOVAMENTE.,""Bom dia!Desde segunda-feira, dia 16/10, após o horário das 18hs a internet da Tim Ultrafibra vem deixando a desejar no""";
"Apos ligar para reclamar de falta de acesso ao paramont+ começaram a me mandar e-mail sobre uma cobrança,""Venho tendo problemas a meses com o pagamento da tim, desde o primeiro mês que não foi debitado o débito automático e eu fiz o pag""";
"Velocidade não chega nem metade do que é vendido.,""Tenho meses tentando acessar esse sistema da TIM para obter minhas faturas mas nunca consigo, sempre aparece essa mensagem:""";
"7 dias sem internet,""no dia 10 de outubro de 2023, liguei no atendimento para reclamar que não estava conseguindo acessar o paramont+ com o meu e-mail,""";
Vibra já passa na rua mais indisponível,Olá boa noite!Trabalho em Home Office e já tem uns 4 dias que não estou conseguindo trabalhar. O que é fornecido não é o suf;
"Sem Internet,""Estamos sem internet 7 dias na loja desde o dia 11/10/2023, e por ser uma empresa não conseguimos ter funcionamento sem internet. """;
"Problema com a forma de pagamento,com os valores que vem e problemas técnico mais de 6 meses,""Já passa a fibra e já tem a caixa e não consigo aderir pelo site, pq informa que não tem na rua. Só que já tem""";
"Banda Larga 1Gbs com modem de 500Mbps,""Fiquei 3 dias sem internet, fizeram o reparo e agora estou, novamente, 8 dias sem internet.Reclamo todos os dias, tenho deze""";
"Aplicação absurda de Multa por Cancelamento,""Desde que contratei o plano da ultrafibra da Tim, venho tendo muito problemas. começou com 2 pedidos de internet sem que só tinha """;
"Modem com etiqueta trocada,""Contratei o pacote da TIM Fibra 1GB Premium 22 2 realizei o primeiro pagamento, sendo que a velocidade não atinge a contratada, co""";
"Péssimo atendimento,""Estou me mudando para outro Estado para uma cidade que tem cobertura da TIM, entretanto a TIM não permite a mudança de endereço po""";
"Cobranção indevida,""Precisei trocar a senha do meu wifi e esqueci, fiz o procedimento padrão para resetar o modem para as informações de fabrica, e a """;
"IM Ultra fibra lento, plano de 150mega roda a 45 mega , acesso a caixa de fibra da tim parece ser comunitario , todo mundo mexe, acredito esta cheio de splitter.,""Em menos de 5 dias fiquei sem internet dois dias , estou tentando contato com a tim para reclamar e pedir abatimento deste período""";
"CANCELAMENTO DE INTERNET,""No dia 13/07/2023 realizei o pedido para instalação da internet no site da Tim Live pela promoção de R$ 118,50 por 12 meses, porém""";
"Tim live se querem dor de cabeça essa e a operadora certa,""a fibra de 150 mega e pior que o modem de 60 mega da tim anterior de par metalico, parece que tem um monte de Splitter (Óptico Fib""";
"Cobrança indevida de taxa de instalação com 8 meses utilizando o serviço,""Prezados, boa tarde.Estamos sem o Serviços de Fibra à cerca de 3 meses, com isso, solicito o cancelamento do serviço, """;
Entrei em contato com a TIM LIVE Devido a uma alteração na conta.,Já a anos que tenho a Tim live e sempre vivo nessa luta com problemas falta de conexão queda etc.. e muito mais já tem mais de sem;
"dependo 100% da internet pra trabalho,""No dia  07/08/2023 , eu havia aberto uma reclamação por terem mudado o meu plano, SEM O MEU CONSENTIMENTO, deixando o valor do pla""";
"sem previsão de reparo,""Tive um reajuste na minha fatura sendo que tinha contrato 1 ano por 92,64 no debito aumomatico.Em Jul/23 o seu plano f""";
"Mudança de plano sem resposta,""Estou sem Internet desde o dia 05/10/2023 , liguei no 10341 as 14:22 horas e informaram que havia problemas na rede externa e seri""";
"Tim veio instalar internet em outro apartamento, cortou os meus cabos e estou sem internet fazem 48 horas,""Sou cliente TIM e utilizo a internet fixa em meu local de trabalho, onde dependo da internet para manter meus atendimentos. Notei """;
"NÃO CONSIGO CANCELAR MINHA INTERNET, DESLIGAM  TEL.,""No dia 29/09 entrei em contato através do chat para a mudança de plano, ela tinha o prazo máximo de até o 6/10 ocorrer a mudança, """;
"Cobrança indevida e não retorno de contestação de valor da cobrança,""Desde o dia 04/10/2023 estou sem conexão com a internet, onde abri o protocolo de reparo técnico*******74 e me foi informado que o""";
Aguardo a retirada de equipamentos, que foi agendada e ninguém compareceu,JÁ LGUEI E SEMPRE DESLIGAM O TEL.;
Troca do moldem de cômodo,Infelizmente to tendo que perder tempo do meu dia para reclamar de duas questões que estou passando após cancelar meu plano de int;
"Existe cobertura mas não existe viabilidade para região.,""Aguardo a retirada do modem, devido a cancelamento do meu plano, no dia 19/9/23. Para variar, agendam a data em que vão reti""";
"Cobrança indevida após cancelamento,""Liguei na Tim para vim um técnico para trocar o moldem de cômodo queria que fosse para meu quarto, aí chegou no dia eles não viera""";
"ABSURDO OLHAR SCORE DE CPF ANTES DE REALIZAR VENDA DE PRODUTOS,""Estou em processo de mudança de endereço, preciso muito mudar minha internet de residência, entretanto estou com problemas na anál""";
"Solicitação do plano,""Mais um final de semana sem Internet, a empresa é um lixo, péssimo, já ganhei um processo e vou ganhar outro, porque aqui, não tem""";
1 mês sem internet,Fui cliente por alguns anos e no dia 28 de agosto 2023 solicitei o cancelamento da minha internet. Confirmei com o atendente se ge;
"Sem conexão há dois dias,""Estou tentando realizar a compra da internet TIM ULTRA FIBRA mas eles informam que não podem me vender devido ao baixo score, prát""";
"Internet instável a mais de 1 semana,""Boa tarde, Estou a 3 mês solicitando o cancelamento, pois estou muito insatisfeita com o serviço, o valor aumento a quantida""";
Má conduta,No dia 01 de setembro cheguei de viagem e não havia internet. Entrei em contato com a TIM e marquei um agendamento para o domingo ;
"Sem internet ultra fibra a mais de 2 semanas,""Desde a madrugada de ontem (28/09) estou totalmente sem conexão devido a uma """"manutenção"""" mas não fui nformado de nada n""";
"Péssima  conexão,""Olá estou com instabilidade na minha internet a mais de 3 semanas problema iniciado dia 04 de setembro não carrega muitos sites, j""";
"Cancelamento da linha após 1 ano de reclamações sem solução,""Necessito de reparo em minha internet, mas como nas últimas três reclamações a Live Tim prolonga o tempo de atendimento o período """;
"promoção ofertada totalmente diferente do serviço instalado,""Estou sem internet a mais de duas semanas, recebi a visita de um técinico e o mesmo informou que o problema era externo, fiquei ag""";
"a instalação foi feita 10 dias depois interrompida,""Contratei o serviço, depois de 2 dias a internet deu problema, o atendimento é tudo por bot,  que não tem a capacidade de arrumar """;
Internet Lenta,Dia 17/09 teve um problema na internet. Liguei na Tim pra cancelar o serviço e me convenceram a permanecer na operadora. Era Timli;
Velocidade ofertada menor que a velocidade contratada,Comprei um plano de dados moveis na tim em fevereiro de 2022. Antes de adquirir o plano perguntei se a internet funcionava b;
"Internet sem reparo,""Passou um rapaz e me ofereceu um serviço, prometendo muitas coisas, como internet banda larga e 2 celulares de conta nos contatos """;
PASSOU O PRAZO E CONTINUAMOS SEM INTERNET,Contratei a internet da TIM ultra fibra para minha loja foi feita a instalação 15 dias depois foi interrompida fiz várias reclamaç;
"Estou sem internet desde o dia 20/10/2023 e a tim não faz nada.,""Contratei a 3 meses a Tim para minha residência com a mesma velocidade que eu tinha na outra operadora,  eles me prometeram que a """;
"Todos os dias sem internet!!!,""A aproximadamente 1 ano fiz a migração do meu plano para um plano de 1 Giga de velocidade. Nunca, nunca mesmo, a velocidade oferta""";
Estou sem Internet há quase 1 semana,Estou sem internet desde de março com a desculpa que é área de risco.  Acabei de encontrar um técnico que está fazendo manutenção ;
"MUITO PROBLEMA COM INSTALAÇÃO E DEPOIS DA INSTALAÇÃO INTERNET HORRÍVEL!,""Mais uma vez insatisfeita com o serviço da TIM. Estou sem internet desde a madrugada, e nos foi informado que a região estava pass""";
"Sem internet há 24 horas,""Estou sem internet desde o dia 20/10/2023 e até o presente momento ninguém resolveu o problema, já tentei diversas vezes abrir um """;
"Queda constante de sinal,""Todos os dias minha internet cai, não adianta o quanto o técnico venha e faça o serviço, sempre há uma desculpinha nova sobre o fu""";
"Internet Péssima Todos os momentos,""Na segunda feira um técnico fez uma visita para realizar alteração de tecnologia, passando para fibra óptica. Chegando aqui ele in""";
"Reparo agendado para ser feito dia 27/10/2023, as 14 horas, nao vieram.,""Olá, meu nome é Felipe, contratei a TIM ULTRA FIBRA (no nome da minha amiga) a alguns meses (inclusive quebrei contrato com outra """;
"Reparo na região,""Estou entrando em contato com o atendimento da Tim desde sexta feira, dia 27/10 , pois simplesmente a internet na minha casa parou""";
"Solicitei reparo, vieram em outra data e ainda tiraram a minha internet,""Há 3 meses contratei o serviço de banda larga e desde então quando chove ou qualquer vento o sinal cai, e isso ocorre toda vez que""";
Sem serviço de dados,Quando instalei o serviço de internet fixa TIM no meu condomínio era por motivo do serviço da Claro ser ruim. Nós primeiros meses ;
"Visita técnica não realizada,""Estou insatisfeito com a Tim, pago os boletos em débito automático em dia, sou comerciante,uso a internet 24 horas para o meu trab""";
"Sem Internet e sem previsão,""Contratei a internet da Tim em Junho e desde então venho tendo problemas. Nunca é entregue a velocidade contrata, a internet vive """;
"Minha Internet não funciona,""Todo sábado tenho ficado sem internet na minha residência. Sempre com respostas automáticas, Tim na providência o reparo rápido e """;
"Meses com a Internet pessima,""Solicitei reparo sábado, dia 21/10 e não fui atendida.Na segunda,23/10  abri novamente um chamado no WhatsApp, que só foi re""";
"Velocidade reduzida,""Estou a 3 dias sem conexão, já liguei na central de atendimento Tim, na ouvidoria. E nada resolveu. Liguei e tentei diversa maneir""";
"Péssimo atendimento e prestação de serviço,""Com recorrência estou enfrentando problemas com lentidão e queda de internet, fiz diversos contatos com a operadora e os atendente""";
Internet Não está funcionando,Estamos sem Internet ha 4 dias A primeira ligação feita disse que estava com problema na região. A segunda a mesma coi;
"Sem internet, caindo muito e quando peço para resolver, o resultado é pouco efetivo,""A Tim fibra é uma droga Desde fevereiro eu ligo pra arrumarem minha Internet, vem técnico arruma, qdo.ele vai embora cai a n""";
Tim internet não funciona,A meses tenho que ficar pedindo para corrigir a baixa na velocidade do serviço. Ultimamente está péssimo e ainda cobram por isso.;
"Péssimo serviço prestado,""Velocidade baixa, nao chega nem nos 50 megas dos 500 megas que eu contratei, me sinto enganando com essa empresa que não presta um""";
contratei 1 giga e não funciona,Estou a mais de 20 horas sem conexão. Infelizmente o suporte da TIM Ultrafibra é ineficiente e não oferece uma opção p;
"Falta de Internet,""Minha internet não está funcionando a uma semana, cai a todo momento, lentidão, já liguei diversas vezes e nada de mandar um técni""";
"Serviço técnico e assistência,""O técnico é muito bom, gentil e realmente tentou resolver o problema. No entanto, a empresa não entrega o que foi contratado. Quer""";
Não arruma a minha linha,Internet Tim não funciona no meu celular e nem na minha casa Como pode????Pago mais de 100 reais de celular e a intern;
Plano de 1gb,Venho por meio desta externar minha total insatisfação com o péssimo serviço oferecido pela operadora! Já tentei de tudo! Aumentei;
"Sem serviço de internet,""estou com problemas de velocidade desde a contratação do produto . e apesar de todas as reclamaçoes feitas, inclusive para a ouvid""";
tecnicos terceirizados da TIM ficam desligando a internet no poste,Somos clientes da Tim Live a anos e nos últimos meses estamos enfrentando certo desconforto em relação a conexão da internet. ;
"Serviço interrompido,""Prezados, boa noite! Não achei outra alternativa à não ser vir aqui reclamar, e espero que vocês possam me ajudar! Faz""";
Baixa velocidade e mal atendimento,Já faz tempo que tenho reclamado vem técnico e não resolve o problema já falei que tem que troca o fio que outras empresas cortarã;
"Ultra fibra não fornece a velocidade contratada,""Fiz a troca de plano de 500 para 1gb de velocidade, foi me informado que caso não chegasse a velocidade de 1gb, iriam trocar o mol""";
"Semanas com instabilidade, agora completamente sem internet,""Desde de terça feira que estou sem internet, trabalho com internet e estou tentando prejuízo.""";
"Prestação de Serviços de má qualidade,""Cobrança de um serviço que eu não pedi, disseram que tinham resolvido o problema ainda continua recebendo email de cobrança . Vou """;
A TIM NÃO QUER REALIZAR O REPARO DA INTERNET,Estou a 3 dias novamente sem internet que outro prestador de serviço deve ter subido no poste e desligado minha internet para liga;
Sem internet a cinco dias,Bom dia.Sou cliente da TIM desde 2018 neste endereço. Há 3 dias estou sem o serviço de Internet. Entrei em contato com;
"Acordo não cumprido,""Tenho uma TIM Ultra fibra de 500 GB, porem ultimamente esta oscilando muito e não passa de 40 GB, ja tentei por duas vezes ligar n""";
"Sem funcionar na primeira semana que foi instalada,""Ao verificar a velocidade de internet da ultrafibra da Tim, tenho notado que a velocidade contratada de 70 mbps não é a mesma ao m""";
"Pagamentos em dia mas sem serviço,""Chamado original no reclame aqui: 173898319Estou abrindo outro pois o anterior foi respondido e encerrado, não sendo c""";
"Insatisfação  com plano contratado .,""A Operadora TIM presta um péssimo serviço de banda larga, constantemente com queda de sinal e redução de velocidade, além do modem""";
"Internet não funciona como deveria,""HÁ POUCO MAIS DE UMA SEMANA, CHOVEU FORTE E TAMBÉM TEVE FORTES VENTOS QUE ROMPERAM O CABO DO MOLDEM DE MINHA RESIDÊNCIA, INTERROMP""";
"Mais de 48 horas sem INTERNET em casa.,""E sigo sem internet e nenhuma solução.Desde o dia 20-10 e hoje dia 25-10 me encontro sem ainda, fizeram reparo, a internet f""";
Bom dia solicito contestação da fatura sobre periodo sem sinal falta de respeito ao consumidor,Recebi a ligação oferecendo os serviços da Tim como eu iria economizar e manter a mesma velocidade e serviços como telefone fixo e;
"Não tem prazo para o reparo,""Dia 17/10/2023 a internet da TIM foi instalada. Nessa primeira semana de uso, a internet parou de funcionar duas vezes, e, no mome""";
"Lentidão da velocidade por dois dias,""Desde que a empresa sugeriu a troca de tecnologia, maior parte do tempo o serviço de internet fica indisponível.Apesar de te""";
"Sem internet, péssimo serviço e antedimento,""Bom vamos lá, me mudei recentimente para esse novo endereço , como já tenho plano no meu celular com a tim resolvi pedi para minha""";
"Quedas constantes da Internet 2.4G,""Há poucas semanas fizemos solicitação de um técnico pra fazer reparos na nossa Internet que, ou está lenta demais ou não existe, n""";
"Tim não resolve problemas de conexão da internet,""Desde segunda-feira 23 de outubro estou sem Internet em casa, após abrir chamado (protocolo n*******59) fui informado que minha re""";
Sem sinal de internet,Estou sem sinal sem internet a mais de 80 dias so chegando fatura nao chega tecnico para fazer reparo so reparo remoto e nao resol;
Sem internet a mais de 48h,Minha internet parou de funcionar entrei em contato com Tim para saber se tinha alguma instabilidade na minha área fui informada q;
Internet de Fibra Fajuta,Internet está extremamente lenta. Somente normaliza após o contato por whatsapp mas logo depois volta a ficar lenta (download cai ;
"A internet vive caindo, eles demoram para resolver o problema e dessa vez estou mais de 3 dias sem internet e eles não resolvem.,""Sofro com constantes quedas de internet da Tim Ultra fibra. No dia 25 agosto, fiz um chamado porque fiquei sem acesso internet ban""";
"Descumprimento de Obrigações - Sem Internet,""Tenho vários protocolos abertos referentes a quedas constantes da Internet, quando ligo, eles informam que está tudo normal porque""";
"Sem fornecimento do serviço de dados, desde 11/10/23,""Faz mais  de 5 dias que a internet não está funcionando , sempre tendo contato com suporte técnico pelo telefone 10341 , e uma gra""";
"SEM INTERNET,""Foi instalado minha internet no dia 27/09, no dia18/10 menos de uma mês de uso estou sem sinal , busquei atendimento no 10341 não """;
péssima qualidade do serviço,Estou sem internet a mais de 24 hs!!;
Falta de respeito do atendente e mensagens excessivas,Estou com a internet instável desde segunda-feira à noite (16/10/2023). Fico totalmente sem conexão a maior parte do tempo e quand;
Não cumprimento de prazo e pagando caro pela má entrega do produto/serviço,Talvez essa internet de fibra tenha dado os 300 somente no dia da contratação.O Comum é ter 30 e toda aquela propaganda de v;
"Inconstância no serviço de Internet há mais de dez dias, inclusive hoje.,""A rede vive dando problema. Você liga, eles mandam o técnico que não resolve. Aí você tem que ficar ligando e ligando. Agora, a in""";
"Instabilidade  no Tim Live,""Prezados responsáveis,Venho por meio desta carta formal expressar minha profunda insatisfação com os serviços prestado""";
"Estou a 5 dias sem internet e a TIM não faz nada a respeito,""Meu serviço de internet foi interrompido dia 11/10, aguardei até o dia 12/10 porém mediante a ausência do reparo fiz minha reclama""";
"Velocidade de conexão ultra baixa,""Já estou a mais de 24 horas sem internet, entro emo contato com a Tim, e sempre a mesma resposta, que estão com problemas tecnicos""";
"numero de portas pequeno para grande numero de usuários da internet, nessa rua.,""Eu tenho a banda larga da tim a mais de 1 ano porém nos últimos 5 meses eu passei sempre tendo quedas constantes, tanto é que eu l""";
"Serviço Ruim,""Já é a terceira vez neste mês que ficamos sem internet por mais de 12 horas. Ninguém faz nada , ninguém resolve nada ! Mas temos q""";
INTERRUPÇÃO DO SINAL,Uma atendente da tim me enviou mensagens oferecendo plano e pedi pra retirar meu nome da lista e entao começou as ofensas  com pal;
Todo dia sem internet,Entrei em contato com o atendimento da TIM Ultrafibra para falar sobre a internet que funciona em alguns pontos de utilização da c;
LOS piscando luz vermelha,Protocolo Tim*******83Há mais de dez dias estou tendo problemas no fornecimento de acesso à Internet por parte da TIM. Vária;
"Desde o dia 11/10/23 sem internet,""Tem uma semana que o serviço  da Tim Live está  instável.  Moro na área da Tijuca, no Rio de Janeiro,  e há  uma semana o serviço """;
"Sem comunicação,""Estou sem internet desde o dia 12/10, me encontro atualmente com dezenas de protocolo de atendimento e a TIM não não demonstrou ne""";
Interrupção total do sinal,Há várias semanas a velocidade de conexão está baixíssima.. nem na época que eu utilizava a conexão por cabo metálico era tão baix;
Desrespeito com o cliente,a minha internet é desligada toda vez que outro morador da rua reclama por estar sem internet. segundo os responsáveis pela manute;
"Sem Wi-Fi,""A Tim não resolve o problema com o serviço de internet, e não dá opção para cancelar a Ruim prestação de serviço. Estou a tempo te""";
"Internet sempre cai após reparo,""Moro na zona sul de São Paulo, e dese o dia 12/10 estou sem sinal de internet para trabalhar, tentei contatos sem sucesso com os p""";
"Sem Internet desde o dia 01/10/2023,""A qualidade da conexão da TIM está péssima todo dia cai, se abre chamado e no dia seguinte volta o problema, já abri diversos cham""";
"Lentidão na internet,""Dia 17/08/2023 fiquei sem Internet, dia 01/09/2023, novamente sem Internet. Dia 13/10/2023 sem internet até hoje Dia 15/10/2023. L""";
"Negligência e pouco caso,""Fiz a contratação da Ultrafibra e no dia 13/09 foi feita a instalação na minha casa. Exatamente 1 mês após, dia 13/10, fiquei sem """;
Reparo não realizado.,No dia 11/10 a internet caiu sem motivo aparente no dia seguinte pela amanhã abri uma Reclamação e o técnico foi encaminhado no me;
"Quedas constantes da internet e mal atendimento,""Cerca de dois meses tive problemas de comunicação. Fiquei mais de vinte dias sem internet. Depois de muito tempo, muita insistênci""";
"baixa velocidade,""Para resolver a instabilidade que durava meses, tivemos um atendimento técnico presencial, ontem a tarde 13/10, que resolveu apena""";
Internet instável, demora na restauração!,Liguei para Tim no dia 12/10/2023 reclamando da falta de sinal e a atendente me garantiu que o técnico compareceria no dia 13/10/2;
"Toda semana instabilidade na internet,""Estou sem internet desde terça-feira dia 10/10. É só ficam falando que vai vir algum técnico e não vem ninguém, o próprio técnico """;
"Interrupção direto,""Sem internet, e o atendimento da Tim está pessimo. Nao consigo resolver meu problema. Trabalho em Home e é mais um dia perdido. Ti""";
"Atendimentos recorrentes sem solucao com prazo elevado para reparo.,""Estou desde quarta feira sem Wi-Fi , realize contato duas vezes por telefone , por chat e por Whatsapp e a informação que recebo é""";
INFORMAÇÕES FORNECIDAS ERRONEAMENTE E QUEDA CONSTANTE DE INTERNET,Durante o ano todo eu chamo o técnico para reparo da internet da minha casa. Ele vemresolvemas logo depois a internet cai.;
"Quedas constantes de sinal da internet por dias,""Bom Dia!Contratei o plano de internet fixa da Tim no fim do mês de Março/2023, estavam ofertando de porta em porta. Foi inst""";
Serviço Interrompido e péssimo atendimento,Minha internet de 200 MB contratada não está sendo entregue conforme contrato.Nas últimas semanas a internet está chegando e;
"FALTA DE COMPROMISSO COM O CLIENTE E ENGANAÇÃO,""No dia 23/08 recebi um técnico da Tim em minha residência pois minha internet estava absurdamente lenta, com Ping de 700ms e uma t""";
"quedas constantes mesmo apos ""reparo"" técnico e falta de portas disponíveis,""Estou desde o dia 09/10/2023 Sem internet e, ainda, não consertaram. Entrei  contato ontem, dia 10/10/2023, e informaram que iriam""";
"Internet lenta, reparo agendado e não comparecimento do técnico.,""A dias a internet da minha casa está péssima, e o único canal para contato é um com mensagem automáticas, contato esse que nem tem""";
"AUMENTO DA VELOCIDADE DA INTERNET,""hoje percebi a velocidade meio devagar, fiz os teste e tem batido em torno de 250 - 270 mb, fiz o atendimento pelo whats onde fize""";
"ESTOU SENDO COBRADA APÓS CANCELAR,""No domingo 08/10/2023 ficamos 10 horas sem Internet, após várias ligações o reparo foi feito, porém a Internet estava fraca e osci""";
Minha conta veio zerada esse mês,Meu modelo de trabalho é Home Office e não posso contar com a internet da Live Tim que um dia foi boa mas tem alguns anos que deix;
"Mudança de Ponto,""Entro em contato via WhatsApp e um robô que responde, estou em trabalho em cada, reunião grave mundial, sem Internet, segunda vez """;
"COBRANÇA DE FATURA APOS O CANCELAMENTO,""Boa tarde,Meu nome é ******* e sou cliente TIM FIBRA.No ultimo sábado (07/10) minha conexão com a internet foi interro""";
Sem internet a mais d uma semana,Desde que eu contratei a TIM LIVE ULTRAFIBRA eu recomendei para todos da minha família e todos os meus amigos.A maiori;
Fiz cancelamento, fiz acordo e até hj estão me cobrando,Estou tendo um grande problema com a interrupção do meu sinal de internet por dois dias seguidos e o suposto motivo seria para rep;
"Continuo recebendo ligações e e-mails de cobrança de um plano que não tenho,""m 24/09 por volta das 10:30 da manha tive meu serviço de banda larga e fixo interrompidos, entrei em contato com a empresa que me """;
"Fibra não solicitada,""Há 4 dias, quase 5, me encontro sem internet em minha residência. Entrei em contato e me foi informado da necessidade de migração """;
"UMA SEMANA SEM INTERNET,""Tenho internet da Tim Fibra e estou a 3 dias sem internet (em específico dia 05/10/23, a partir de 16:40h). Desde então estou entr""";
"valor da fatura incorreto, e péssimo atendimento no chat,""venho enfrentando quedas de conexão constante a duas semanas e a tim nada faz. os técnicos vem fazem o """"reparo"""" porem o """;
Sem sinal banda larga Live tim,Temos a internet da tim para auxiliar pois somos uma empresa que trabalha com a internet integralmente e estamos enfrentando const;
"Débito indevido,""Olá, gostaria de verificar a possibilidade de aumentar a velocidade da minha internet por um preço mais acessível. Conseguem me aj""";
"FUI COBRADO 3 MESES APOS CANCELAR,""SOLICITEI O CANCELAMENTO DA MINHA TIM FIBRA APÓS MUDAR MEU ENDEREÇO E 4 TECNICOS QUE VIERAM AQUI, NÃO CONSEGUIREM INSTALAR. A muda""";
Instalação não realizada,Gostaria de saber o porque minha conta esse mês veio zerada ?;
"FUI ENGANADO PELOS TÉCNICOS DA TIM, PESSIMA EMPRESA PARA SE CONTRATAR,""Usamos a internet mais no quarto , porém o modem foi instalado na sala ao lado e o sinal acaba ficando ruim. Mediante a isso, liga""";
"Pedi uma mudança de endereço e até agora nada, já são 6 dias já sem internet e sem poder trabalhar,""Estou escrevendo esta carta para expressar minha INSATIFAÇÃO em relação à cobrança da TIM, mesmo após o cancelamento dos serviços.""";
"Cancelamento da Internet sem haver nenhum tipo de cobranças [Editado pelo Reclame Aqui],""Foi negociado um plano no dia 13/12/2022, dizendo que seria fixo o valor durante 12 meses e nao foi oque aconteceu. Gostaria do es""";
"Impossível troca de titularidade,""Boa tarde, sou cliente Tim a mais d 5 anos, plano celular, Tim live, porém d algum tempo à internet não funciona,faço a solicitaçã""";
"Problema no cabeamento,""A história vem se prolongando tem e meses cm a Tim, abaixo deixei a história toda, mais agora venho relatar q ontem na data de 26/""";
"Multa por cancelamento,""Eu já registrei uma reclamação no dia 29 de agosto deste ano, relatando todo o problema que tive com a TIM, conforme reforço abaix""";
"VoIP mudo após troca pra fibra,""Boa tarde! Descobri que possuo uma Fibra da Tim em um endereço de Curitiba, mas não moro lá e não nunca solicitei. Sou morador de """;
"Valor de fatura,""Por incompetência da Tim, estou há praticamente 7 dias sem internet. O serviço de assistência técnica é péssimo, sem retorno, sem """;
"Conta suspensa e dados roubados,""minha fatura veio mais cara com menos de 3 meses que contratei a internet, quando entrei em contato no chat a consultora DANIELE m""";
"Cancelamento da banda larga Tim,""Ontem dia 25/10/2023 minha confecção com a internet caiu, liguei para o atendimento 10341, foi feito todos os testes e a atendente""";
Tim Ultrafibra não respeita o consumidor e faz ele de otario,Não tenho internet da Tim em meu nome. Aqui em casa temos a internet da Tim que sempre foi no nome do meu marido..E continua sendo;
"Sem internet nem manutenção da Tim novamente,""Depois de alguns anos utilizando o serviço da Tim, resolvi cancelar e efetuei o cancelamento no dia 07/07/2023 e desde então não f""";
"Estou tendo dificuldade no cancelamento,""Contratei o serviço no dia 23/10, coloquei as 3 opções de disponibilidade de instalação e em nenhuma das 3 apareceu alguém para re""";
"Agendaram a instalação, mas não tem porta disponível,""Eu fiz um contrato de internet com TV com a TIM, e no dia da instalação o técnico não consegui fazer funcionar em nenhuma das 2 TV""";
"Sem internet desde o dia 17/10/2023,""Minha madrasta (VANESSA DA SILVA) tá tentando uma mudança de endereço pra mim desde o dia 20/10 e até hj,dia 25/10 ainda não estou""";
"Cobrança Errada,""Olá, solicito o cancelamento da Internet sem haver nenhum tipo de cobranças fidelidade, pois não moro mais no local a tempo e prec""";
"Tim qdo resolve um problema aparece outro!,""Hoje fui tentar realizar uma troca de titularidade, pois me mudei do apartamento que dividia com duas amigas. Gostaria de realizar""";
"Suspensão,""O técnico ficou de vir para finalizar o processo de cabeamento e não retornou,  tentei tratativa com a tim mas não obtive sucesso.""";
"Mudança de endereço,""Tive que cancelar a Tim live por mudança de endereço, pois por motivos particulares tive que me mudar. Entrei em contato com a Tim""";
"Reclamação,""Tim entrou em contato sugerindo mudança pra Tim live fibra. Aceitei, agendei serviço, porém após troca pra fibra meu VoIP ficou mu""";
"Mudança de endereço e atendimento,""Bom dia , novamente eu por aqui de novo fiz um reclamação esse dias e a mulher falou que  minha Internet ir vi com o.valor mas bai""";
"Sem internet a 3 dias e sem prazo para resolução,""Fui até uma loja oficial da Tim em Goiânia e solicitei a internet ultra fibra. Entreguei meus documentos ao atendente, assinei o c""";
"Cobrança Indevida [Editado pelo Reclame Aqui],""Hoje liguei para cancelar a minha banda larga, por motivo de péssimo atendimento da Tim, e fiquei das 08:16 até às 22:00 horas, fa""";
Cancelamento serviço,Continuo a minha peregrinação para realizar uma simples instalação ja tive mais uma remarcação tenho ja 8 protocolos mais 2 na ouv;
"Quanta dificuldade para executar um cancelamento,""Passei o dia novamente sem internet. Após contato telefônico, agendei visita técnica para o período da tarde do dia 23/10/23, pelo""";
Impossivel realizar o cancelamento da internet live tim Ultrafibra,Estou a 3mes tentando efetuar o cancelamento do serviço porque tive que mudar de endereço e a operadora Tim não tem disponibilidad;
"Bloqueio recorrente,""Eu solicitei a instalação da TIM Live Ultra Fibra para hoje, falaram que estava tudo certo e que atendiam a minha região, porém, o""";
"Me cobrando mesmo depois de ter mudado de plano.,""Estou sem internet desde o dia 17/10/2023, entrei em contato e o mesmo disse que estava com problemas tecncico na região e que no """;
Simplismente não querem instalar,Pelo terceiro mês consecutivo a Fatura está vindo com Valor errado do meu Plano contratado. Meu plano é de 114 e está vindo 125 de;
"Cobrança Errada de Plano,""Denovooo tô aqui reclamando desse péssimo serviço prestado para solucionar nosso problema, ligo na central desde 21/10 protocolo**""";
"CANCELAMENTO DA MINHA INTERNET,""Mudei de endereço e cancelei a tim live no mesmo mês, mas descobri agora que na verdade ela estava em modo de suspensão. Me veio u""";
ESTA COBRANDO UM VALOR NÃO COMBINADO,Liguei na central no dia 6/10/23 solicitei a mudança de endereço a atendente me falou que seria em até 5 dias corridos porém o rap;
"Utilização indevida de dados pessoais,""Fiz um contrato de compra ultrafibra no mês 7 no preço de 108 reais ,e no mês 10 já almentaram na minha fatura para 115 reais send""";
COMPRA COM PROBLEMA,Estava agendada uma instalação no meu endereço novo para data de hoje (21/10 - manhã) e até o momento não recebi nenhum técnico e ;
"24 horas sem internet,""Estou a três dias sem internet, e cada atendente me informa que o técnico virá em minha residência verificar, porém chega no dia a""";
Nenhum técnico vem buscar o modem,Bom dia 17 de julho de 2023 liguei na tim para pedir troca de endereço para o meu atual antigo.. Que me mudei dia 20 de julho. o t;
"Suspensão indevida,""Fiquei quase uma semana sem Internet, agora quero cancelar o serviço e não consigo.""";
"Péssimo atendimento. nada respeitoso com o cliente, sem internet desde o dia 11'10'2023 e sem reparo, nem solução, resposta desencontradas !,""Telefonei para o 0800 para pedir o CANCELAMENTO. Entendo que a atendente tenha que fazer """"algumas"""" perguntas. Porém é um""";
